ra,ano,fase,pedra,defasagem,classe_defasagem,ian,ida,ieg,iaa,ips,ipp,ipv,inde
RA-1,2022,7,Quartzo,-1,Moderada,5.0,4.0,4.1,8.3,5.6,,7.278,5.783
RA-1,2023,8,,0,Em fase,10.0,,,,,,,
RA-1,2024,8,,0,Em fase,10.0,,0.0,,,,,
RA-10,2022,7,Quartzo,-1,Moderada,5.0,4.1,5.2,8.3,5.0,,7.056,5.784
RA-100,2022,4,Ametista,1,Em fase,10.0,7.6,7.8,8.8,5.0,,7.25,7.618
RA-1000,2023,0,Ametista,0,Em fase,10.0,7.0,9.4,8.5,3.77,6.25,8.92,7.9162
RA-1000,2024,1,Topázio,0,Em fase,10.0,7.75,9.5454545455,9.002,6.26,8.125,7.835,8.364790909100002
RA-1001,2023,0,Topázio,-1,Moderada,5.0,7.8,9.1,9.0,7.52,7.5,9.17,8.1162
RA-1001,2024,1,Ametista,-1,Moderada,5.0,7.75,9.347826087,7.502,7.51,7.916666667,7.92,7.7964318841
RA-1002,2023,0,Ametista,-1,Moderada,5.0,7.0,9.7,9.0,7.52,6.25,8.92,7.9012
RA-1002,2024,0,Ametista,-1,Moderada,5.0,9.25,7.833333333500001,9.002,7.51,7.5,8.25,7.967866666700001
RA-1003,2023,0,Ametista,0,Em fase,10.0,4.0,8.5,9.0,7.52,7.5,8.75,7.6522
RA-1003,2024,0,Ametista,-1,Moderada,5.0,8.25,8.6944444445,8.002,7.51,6.875,7.5,7.627588888900001
RA-1004,2023,0,Topázio,0,Em fase,10.0,7.9,9.6,9.0,7.52,6.875,7.42,8.3137
RA-1004,2024,0,Ametista,-1,Moderada,5.0,7.5,9.25,9.502,7.51,7.5,7.5,7.801200000000001
RA-1005,2023,0,Topázio,0,Em fase,10.0,8.8,7.9,9.5,7.52,7.5,8.165,8.4252
RA-1006,2023,0,Topázio,0,Em fase,10.0,8.7,9.3,9.0,7.52,7.5,8.0,8.5922
RA-1006,2024,0,Ametista,-1,Moderada,5.0,5.0,8.4444444445,8.502,7.51,7.5,7.5,7.040088888900001
RA-1007,2023,0,Topázio,0,Em fase,10.0,8.3,7.4,9.0,7.52,7.5,7.68,8.0782
RA-1008,2023,0,Topázio,0,Em fase,10.0,8.4,8.6,9.0,7.52,5.9375,7.5,8.13595
RA-1008,2024,0,Ágata,-1,Moderada,5.0,7.0,6.483957219,7.002,7.51,7.1875,7.5,6.8667414438000005
RA-1009,2023,0,Ametista,0,Em fase,10.0,8.8,9.0,0.0,3.77,7.5,7.84,7.245
RA-1009,2024,0,Ágata,-1,Moderada,5.0,7.5,6.8863636365000005,8.002,2.51,6.5625,6.553333333,6.395389393900001
RA-101,2022,4,Ametista,-1,Moderada,5.0,7.6,8.3,7.9,7.5,,6.833,7.305
RA-1010,2023,0,Topázio,0,Em fase,10.0,9.4,10.0,9.5,3.77,7.8125,8.59,8.70645
RA-1011,2023,0,Ametista,0,Em fase,10.0,5.2,8.6,9.5,3.77,7.1875,7.675,7.33095
RA-1012,2023,0,Ametista,0,Em fase,10.0,6.6,9.9,10.0,3.77,7.1875,7.845,7.96495
RA-1012,2024,0,Topázio,-1,Moderada,5.0,9.75,9.523809524,9.502,2.51,8.125,8.443333333,8.057128571400002
RA-1013,2023,0,Ametista,0,Em fase,10.0,8.3,9.6,9.0,4.39,5.625,5.76,7.6237
RA-1013,2024,0,Quartzo,-1,Moderada,5.0,7.75,5.6937799039999994,9.002,2.51,5.0,4.72,5.7839559808
RA-1014,2023,0,Topázio,0,Em fase,10.0,8.2,9.7,9.0,3.77,7.5,8.255,8.2582
RA-1014,2024,0,Ágata,-1,Moderada,5.0,5.25,7.8863636365000005,8.502,2.51,6.875,7.0,6.315972727300001
RA-1015,2023,1,Ametista,-1,Moderada,5.0,6.3,9.3,10.0,6.27,7.34375,7.786666667,7.538908333
RA-1015,2024,2,Ágata,0,Em fase,10.0,4.0,7.8214285715,7.918,7.51,6.041666667,5.66,6.643252381000002
RA-1016,2023,1,Ametista,-1,Moderada,5.0,6.7,9.5,10.0,7.52,7.34375,7.73,7.762575
RA-1017,2023,1,Ágata,-1,Moderada,5.0,7.7,8.0,0.0,5.02,7.5,8.116666667,6.505333333
RA-1017,2024,2,Ametista,0,Em fase,10.0,5.0,7.8095238095,9.502,6.26,7.1875,7.443333333,7.345521428500001
RA-1018,2023,1,Ágata,0,Em fase,10.0,6.3,8.5,0.0,5.02,7.5,8.06,6.824
RA-1018,2024,1,Ametista,-1,Moderada,5.0,8.25,7.727272727,8.502,6.26,8.4375,8.45,7.7054045454
RA-1019,2023,1,Ametista,1,Em fase,10.0,4.3,9.1,7.5,5.02,6.875,7.836666667,7.177033333
RA-1019,2024,1,Topázio,0,Em fase,10.0,8.75,9.3073593075,9.502,6.26,7.8125,8.616666667,8.692255194900001
RA-102,2022,4,Ágata,0,Em fase,10.0,5.7,7.7,6.7,6.9,,6.0,6.922
RA-1020,2023,1,Ametista,0,Em fase,10.0,6.1,9.1,10.0,2.52,7.1875,8.056666667,7.612283333
RA-1020,2024,1,Topázio,0,Em fase,10.0,9.0,9.7727272725,9.002,6.88,8.4375,8.84,8.9544954545
RA-1021,2023,1,Ágata,0,Em fase,10.0,3.3,9.2,8.0,3.77,7.1875,7.893333333,6.964616667
RA-1021,2024,1,Topázio,-1,Moderada,5.0,8.0,9.318181818,9.502,7.51,8.4375,7.95,8.0985863636
RA-1022,2023,1,Ametista,0,Em fase,10.0,4.7,8.5,8.5,3.77,7.1875,7.893333333,7.164616667
RA-1022,2024,1,Ametista,-1,Moderada,5.0,6.5,9.318181818,9.502,6.26,7.5,8.116666667,7.613169697000002
RA-1023,2023,1,Topázio,0,Em fase,10.0,9.1,10.0,10.0,6.27,8.75,9.06,9.1342
RA-1023,2024,2,Topázio,0,Em fase,10.0,9.5,9.511904762,9.502,9.375,8.958333333,9.563333333,9.498580952300001
RA-1024,2023,1,Ametista,-1,Moderada,5.0,9.8,10.0,0.0,6.27,9.21875,8.95,7.788875
RA-1024,2024,1,Topázio,-1,Moderada,5.0,10.0,10.0,8.002,7.51,8.4375,8.783333333,8.6516166666
RA-1025,2023,1,Topázio,0,Em fase,10.0,7.5,8.9,8.5,7.52,7.65625,7.836666667,8.215158333
RA-1025,2024,1,Ametista,-1,Moderada,5.0,9.0,7.727272727,9.002,7.51,8.4375,7.783333333,7.897071212
RA-1026,2023,1,Ágata,-3,Severa,2.5,3.2,9.8,8.5,7.52,6.40625,7.06,6.494825
RA-1027,2023,1,Ametista,-1,Moderada,5.0,6.0,9.7,9.5,7.52,7.5,8.333333333,7.748866667
RA-1027,2024,2,Topázio,0,Em fase,10.0,5.25,10.0,9.502,7.51,7.916666667,8.39,8.220866666700001
RA-1028,2023,1,Ágata,-1,Moderada,5.0,5.0,9.2,0.0,7.52,7.34375,7.946666667,6.415708333
RA-1028,2024,1,Ametista,-2,Moderada,5.0,7.5,7.055335968,8.002,5.63,6.875,8.393333333,7.1404338602
RA-1029,2023,1,Ametista,0,Em fase,10.0,5.4,6.3,10.0,3.77,7.5,8.006666667,7.058533333
RA-1029,2024,1,Ametista,-1,Moderada,5.0,8.75,8.7954545455,9.002,6.885,7.5,7.25,7.797790909100001
RA-103,2022,4,Topázio,1,Em fase,10.0,7.3,8.7,7.9,7.5,,7.708,8.107
RA-103,2023,5,Topázio,1,Em fase,10.0,7.1,9.2,8.3,5.0,8.125,8.09,8.0239
RA-103,2024,5,Topázio,0,Em fase,10.0,9.166666666666666,9.603174603333335,8.334,6.26,7.875,8.872,8.775268254
RA-1030,2023,1,Ametista,-1,Moderada,5.0,6.9,9.7,8.5,3.77,6.875,8.39,7.4027
RA-1030,2024,2,Ametista,0,Em fase,10.0,8.0,8.28320802,7.418,4.385,7.8125,7.61,7.7401916040000005
RA-1031,2023,1,Ametista,-1,Moderada,5.0,5.9,8.8,8.0,7.52,6.666666667,7.006666667,7.0602
RA-1031,2024,1,Ágata,-1,Moderada,5.0,6.25,8.6363636365,9.502,7.51,5.3125,5.83,6.8757227273
RA-1032,2023,1,Ametista,-1,Moderada,5.0,6.0,9.5,8.5,7.52,7.291666667,7.563333333,7.434033333
RA-1032,2024,1,Topázio,-1,Moderada,5.0,8.0,9.75,8.502,7.51,7.8125,7.92,8.01645
RA-1033,2023,1,Topázio,-1,Moderada,5.0,7.9,8.9,9.0,7.52,8.125,9.006666667,8.126033333
RA-1034,2023,1,Ametista,-1,Moderada,5.0,8.3,9.0,7.5,7.52,8.333333333,8.393333333,7.9642
RA-1034,2024,2,Topázio,0,Em fase,10.0,7.5,8.0833333335,7.502,7.51,7.708333333,8.223333333,8.0333666666
RA-1035,2023,1,Ágata,0,Em fase,10.0,5.8,8.3,0.0,7.52,7.708333333,7.78,6.888833333
RA-1035,2024,1,Ametista,-1,Moderada,5.0,7.0,9.0227272725,9.502,7.51,8.4375,7.92,7.833495454500001
RA-1036,2023,1,Ágata,-1,Moderada,5.0,8.0,9.6,0.0,3.77,9.0625,8.336666667,6.970583333
RA-1036,2024,2,Topázio,0,Em fase,10.0,7.0,9.0890269155,10.002,7.51,7.65625,7.7475,8.2841303831
RA-1037,2023,1,Ametista,-1,Moderada,5.0,6.7,8.4,9.0,7.52,8.59375,8.17,7.655575
RA-1038,2023,1,Ametista,-1,Moderada,5.0,6.5,9.3,8.0,7.52,8.90625,8.17,7.736825
RA-1038,2024,2,Ametista,0,Em fase,10.0,8.5,7.5438596495,8.002,7.51,7.5,7.273333333,7.9646385965
RA-1039,2023,1,Ametista,-2,Moderada,5.0,6.2,9.9,8.0,7.52,8.125,8.056666667,7.686033333
RA-1039,2024,2,Ametista,-1,Moderada,5.0,7.25,9.722222222,8.002,7.51,7.5,6.77,7.549644444400001
RA-104,2022,4,Ágata,-4,Severa,2.5,3.7,8.7,7.9,7.5,,6.708,6.315
RA-104,2023,5,Quartzo,-3,Severa,2.5,2.6,7.7,0.0,2.52,5.625,5.6275,4.25
RA-1040,2023,1,Ametista,-1,Moderada,5.0,6.6,9.3,10.0,7.52,7.8125,8.06,7.81545
RA-1040,2024,2,Ametista,-1,Moderada,5.0,8.25,8.5416666665,9.502,7.51,7.5,7.273333333,7.764199999900001
RA-1041,2023,1,Ágata,-1,Moderada,5.0,3.3,7.2,10.0,7.52,7.8125,8.003333333,6.724116667
RA-1042,2023,1,Quartzo,-1,Moderada,5.0,4.3,6.5,0.0,3.77,7.708333333,7.666666667,5.331166667
RA-1043,2023,1,Ágata,-1,Moderada,5.0,2.5,7.9,10.0,6.27,7.708333333,7.833333333,6.5447
RA-1043,2024,1,Ametista,-1,Moderada,5.0,8.25,7.994071146,10.002,7.51,7.291666667,6.553333333,7.539847562500002
RA-1044,2023,1,Ametista,-1,Moderada,5.0,6.1,9.7,8.0,7.52,7.5,8.336666667,7.629533333
RA-1044,2024,2,Ametista,0,Em fase,10.0,7.0,9.523809524,7.502,7.51,7.1875,7.21,7.966711904800001
RA-1045,2023,1,Topázio,-1,Moderada,5.0,7.9,9.4,9.5,7.52,7.708333333,8.28,8.089033333
RA-1046,2023,1,Ágata,0,Em fase,10.0,6.3,8.5,0.0,3.77,8.541666667,8.223333333,6.835833333
RA-1047,2023,1,Ametista,0,Em fase,10.0,6.9,8.5,10.0,3.77,8.125,7.893333333,7.848366667
RA-1048,2023,1,Ametista,-1,Moderada,5.0,8.2,9.5,8.5,3.77,8.541666667,8.5,7.811366667
RA-1048,2024,2,Ametista,1,Em fase,10.0,6.25,6.833333333500001,8.502,6.255,7.708333333,8.283333333,7.5198666666000005
RA-1049,2023,1,Ametista,-1,Moderada,5.0,6.3,7.7,10.0,7.52,8.125,7.943333333,7.443366667
RA-1049,2024,1,Ágata,-1,Moderada,5.0,4.5,8.03030303,9.502,7.51,7.65625,6.745,6.821885606
RA-105,2022,4,Ágata,-3,Severa,2.5,6.7,8.2,7.9,5.6,,7.417,6.846
RA-1050,2023,1,Ametista,-1,Moderada,5.0,7.2,9.2,9.0,6.27,8.125,8.223333333,7.764366667
RA-1051,2023,1,Topázio,0,Em fase,10.0,8.4,8.9,8.5,6.27,8.75,8.613333333,8.534866667
RA-1052,2023,1,Ágata,0,Em fase,10.0,5.3,9.0,0.0,7.52,7.916666667,7.833333333,6.960333333
RA-1052,2024,1,Ametista,-1,Moderada,5.0,8.25,9.128787879,5.834,6.26,8.59375,8.4975,7.744032575800001
RA-1053,2023,1,Ametista,0,Em fase,10.0,8.6,9.1,0.0,6.27,8.958333333,8.616666667,7.776166667
RA-1054,2023,1,Ametista,-2,Moderada,5.0,6.6,8.6,8.5,7.52,7.5,7.836666667,7.459533333
RA-1054,2024,2,Ágata,-1,Moderada,5.0,6.25,7.3291925465,9.502,7.51,7.1875,6.75,6.985788509300001
RA-1055,2023,1,Quartzo,-1,Moderada,5.0,5.5,7.2,0.0,7.52,7.291666667,7.276666667,5.9765
RA-1055,2024,1,Ágata,-2,Moderada,5.0,5.5,5.7954545455,10.002,7.51,7.1875,5.87,6.403040909100001
RA-1056,2023,1,Topázio,0,Em fase,10.0,8.1,9.6,8.5,7.52,7.96875,8.113333333,8.551741667
RA-1056,2024,1,Topázio,-1,Moderada,5.0,8.25,9.2857142855,8.502,7.51,9.166666667,8.335,8.192009523800001
RA-1057,2023,1,Topázio,0,Em fase,10.0,6.3,10.0,10.0,7.52,8.125,8.34,8.4827
RA-1057,2024,1,Topázio,-1,Moderada,5.0,8.0,10.0,10.002,6.26,8.75,8.17,8.2352
RA-1058,2023,1,Ametista,0,Em fase,10.0,5.4,8.7,10.0,3.14,7.083333333,7.62,7.356533333
RA-1058,2024,1,Ametista,-1,Moderada,5.0,7.75,8.095238095,9.168,6.88,8.125,8.085,7.703347619
RA-1059,2023,1,Ametista,-1,Moderada,5.0,7.6,9.8,10.0,2.52,7.96875,8.673333333,7.763741667
RA-1059,2024,2,Topázio,0,Em fase,10.0,7.5,10.0,8.002,6.26,9.0625,9.23,8.678450000000002
RA-106,2022,4,Ametista,-1,Moderada,5.0,7.4,8.0,9.2,9.4,,8.375,7.973
RA-106,2023,5,Ametista,0,Em fase,10.0,7.3,9.1,7.9,5.0,7.03125,7.5075,7.769658333
RA-106,2024,6,Ametista,0,Em fase,10.0,5.666666666666667,8.761904762,9.168,5.635,7.8125,7.872,7.721664285733334
RA-1060,2023,1,Ametista,-1,Moderada,5.0,5.7,8.6,9.0,3.14,7.96875,8.673333333,7.095741667
RA-1060,2024,2,Ágata,0,Em fase,10.0,3.25,6.0,9.585,6.26,7.8125,6.163333333,6.448416666600001
RA-1061,2023,1,Topázio,-1,Moderada,5.0,9.3,9.7,9.5,3.14,8.75,8.836666667,8.196533333
RA-1061,2024,2,Topázio,0,Em fase,10.0,8.5,10.0,8.502,6.26,8.4375,8.73,8.76595
RA-1062,2023,1,Ametista,0,Em fase,10.0,6.2,7.7,7.4,3.77,8.59375,8.503333333,7.448841667
RA-1062,2024,1,Ametista,-1,Moderada,5.0,7.25,9.047619048,8.002,5.63,8.75,8.085,7.6147238096
RA-1063,2023,1,Ametista,-1,Moderada,5.0,5.9,9.5,9.5,7.52,6.40625,7.89,7.490825
RA-1063,2024,2,Ametista,-1,Moderada,5.0,7.75,9.75,5.25,7.51,7.8125,6.11,7.279250000000001
RA-1064,2023,1,Topázio,-1,Moderada,5.0,8.6,9.8,8.5,7.52,9.375,8.84,8.4777
RA-1064,2024,2,Topázio,0,Em fase,10.0,8.5,9.7368421055,9.502,7.51,8.75,8.783333333,8.9802350877
RA-1065,2023,1,Topázio,-1,Moderada,5.0,7.0,9.6,8.5,7.52,8.4375,8.84,8.03395
RA-1065,2024,2,Topázio,0,Em fase,10.0,9.25,8.8152173915,9.502,6.26,9.0625,8.84,8.8634934783
RA-1066,2023,1,Ametista,-1,Moderada,5.0,6.2,6.6,8.5,7.52,8.4375,8.783333333,7.262616667
RA-1066,2024,2,Ametista,0,Em fase,10.0,7.25,8.3954451345,9.502,6.26,7.5,7.386666667,7.9326223603
RA-1067,2023,1,Ágata,-1,Moderada,5.0,5.4,7.9,0.0,7.52,8.28125,9.006666667,6.541458333
RA-1067,2024,1,Ametista,-1,Moderada,5.0,6.75,8.333333332999999,10.002,7.51,8.541666667,8.59,7.840033333300001
RA-1068,2023,1,Topázio,-1,Moderada,5.0,9.0,9.3,8.5,6.89,9.166666667,9.283333333,8.472533333
RA-1068,2024,2,Topázio,0,Em fase,10.0,9.5,9.068181818,9.502,7.51,8.541666667,8.73,9.0150030303
RA-1069,2023,1,Ametista,-1,Moderada,5.0,7.1,7.8,9.0,7.52,8.125,8.226666667,7.590033333
RA-1069,2024,2,Ametista,0,Em fase,10.0,6.25,7.0760869565,9.002,7.51,8.125,7.75,7.678917391300001
RA-107,2022,4,Ágata,-1,Moderada,5.0,4.6,6.4,7.5,7.5,,6.5,6.258
RA-107,2023,5,Ágata,0,Em fase,10.0,7.0,8.5,0.0,5.0,7.34375,7.5875,6.845208333
RA-107,2024,5,Ágata,-1,Moderada,5.0,4.666666666666667,7.9949874686666655,7.5,7.51,7.5,6.964,6.676130827066667
RA-1070,2023,1,Ágata,-1,Moderada,5.0,5.8,7.8,9.0,3.14,7.708333333,8.67,6.939033333
RA-1070,2024,1,Ágata,-1,Moderada,5.0,2.25,9.3073593075,9.002,5.635,6.875,6.6225,6.287171861500001
RA-1071,2023,1,Ágata,-1,Moderada,5.0,3.5,8.6,9.0,7.52,5.625,6.396666667,6.414033333
RA-1071,2024,2,Quartzo,-1,Moderada,5.0,4.5,4.188311688500001,8.002,7.51,4.166666667,2.996666667,4.8048623378
RA-1072,2023,2,Topázio,0,Em fase,10.0,6.7,8.6,9.0,5.0,8.125,8.7125,8.0152
RA-1072,2024,3,Ametista,0,Em fase,10.0,8.166666666666666,5.627886710333333,8.751,8.755,7.96875,7.545,7.8153856754
RA-1073,2023,2,Ágata,-1,Moderada,5.0,6.2,8.8,0.0,2.52,8.333333333,9.045,6.384333333
RA-1073,2024,3,Ametista,0,Em fase,10.0,6.5,6.370972886666667,9.168,7.5,6.875,5.7875,7.0859945773333335
RA-1074,2023,2,Ágata,-1,Moderada,5.0,6.0,9.8,0.0,2.52,7.083333333,7.8775,6.195833333
RA-1075,2023,2,Ágata,-1,Moderada,5.0,5.5,9.6,0.0,5.0,7.708333333,9.0025,6.591333333
RA-1075,2024,2,Ágata,-1,Moderada,5.0,6.0,8.5154061625,7.5,3.755,7.708333333,7.553333333,6.8100812324
RA-1076,2023,2,Ametista,-1,Moderada,5.0,8.5,9.7,9.0,2.52,8.333333333,8.8775,7.901033333
RA-1076,2024,3,Ametista,0,Em fase,10.0,6.333333333333333,7.777033492666668,8.334,8.125,7.03125,6.5425,7.479598365200001
RA-1077,2023,2,Ametista,0,Em fase,10.0,7.3,9.7,0.0,2.52,8.75,8.4225,7.2115
RA-1077,2024,3,Quartzo,0,Em fase,10.0,2.0,7.703703703666666,0.0,6.885,6.40625,6.37,5.543865740733334
RA-1078,2023,2,Ágata,-2,Moderada,5.0,6.4,6.8,5.3,2.52,8.958333333,8.2975,6.472333333
RA-1079,2023,2,Ágata,-1,Moderada,5.0,7.6,8.1,9.0,2.52,7.083333333,7.13,6.916533333
RA-1079,2024,3,Quartzo,0,Em fase,10.0,6.333333333333333,4.516498316333333,7.5,2.51,4.21875,4.1625,5.4253413299333335
RA-108,2022,4,Quartzo,-3,Severa,2.5,5.0,7.7,4.6,5.0,,6.125,5.547
RA-108,2023,5,Quartzo,-2,Moderada,5.0,2.9,7.3,5.8,2.52,4.375,5.59,4.9308
RA-1080,2023,2,Ágata,-1,Moderada,5.0,1.5,10.0,7.9,5.0,8.541666667,8.13,6.571966667
RA-1081,2023,2,Ametista,-2,Moderada,5.0,6.5,10.0,10.0,2.52,8.958333333,8.59,7.666033333
RA-1081,2024,4,Topázio,0,Em fase,10.0,8.833333333333334,9.523809523666666,6.667,5.005,9.166666667,8.95,8.5452952381
RA-1082,2023,2,Ametista,-1,Moderada,5.0,5.0,9.5,9.5,2.52,8.75,8.4225,7.1617
RA-1082,2024,2,Ágata,-1,Moderada,5.0,3.75,7.5714285715,7.502,10.0,7.083333333,6.943333333,6.6114857142
RA-1083,2023,2,Topázio,0,Em fase,10.0,7.5,10.0,6.8,5.0,8.75,8.38,8.2345
RA-1084,2023,2,Ametista,0,Em fase,10.0,6.8,10.0,8.4,2.52,8.75,8.38,7.9948
RA-1084,2024,3,Ágata,0,Em fase,10.0,3.6666666666666665,7.705263158,8.751,5.63,7.03125,7.4575,6.9071109649333335
RA-1085,2023,2,Ágata,-1,Moderada,5.0,6.7,9.8,0.0,2.52,8.958333333,8.13,6.563833333
RA-1086,2023,2,Ametista,-1,Moderada,5.0,5.7,9.4,8.5,2.52,8.75,8.755,7.2382
RA-1087,2023,2,Ametista,-1,Moderada,5.0,5.4,9.5,10.0,2.52,8.75,8.0475,7.2067
RA-1087,2024,3,Ágata,0,Em fase,10.0,2.6666666666666665,8.393265993333333,7.917,8.755,7.1875,6.58,6.913936532
RA-1088,2023,2,Ametista,-1,Moderada,5.0,6.8,9.8,9.5,2.52,8.75,7.9225,7.4717
RA-1089,2023,2,Ametista,0,Em fase,10.0,7.0,9.5,9.0,2.52,8.75,8.3375,7.9947
RA-1089,2024,3,Ametista,0,Em fase,10.0,6.833333333333333,7.039682539666667,9.168,8.13,7.1875,6.995,7.6221531746
RA-109,2022,4,Topázio,-2,Moderada,5.0,8.4,10.0,8.8,8.8,,8.667,8.512
RA-109,2023,6,Topázio,-1,Moderada,5.0,8.3,9.9,8.3,7.52,8.75,8.59,8.3184
RA-1090,2023,2,Ametista,-1,Moderada,5.0,9.0,9.6,9.0,2.52,8.958333333,7.88,7.844033333
RA-1090,2024,3,Ametista,0,Em fase,10.0,6.333333333333333,7.621832358666666,9.585,7.51,7.8125,7.4175,7.7652831384
RA-1091,2023,2,Topázio,-1,Moderada,5.0,9.5,9.0,8.5,2.52,8.958333333,9.1725,8.032533333
RA-1092,2023,2,Ametista,-1,Moderada,5.0,6.9,9.8,7.8,2.52,8.75,8.2975,7.41
RA-1093,2023,2,Topázio,0,Em fase,10.0,9.2,9.3,7.0,2.52,8.958333333,8.2975,8.197533333
RA-1093,2024,3,Topázio,0,Em fase,10.0,8.666666666666666,7.722222222333333,7.5,8.13,8.90625,8.8825,8.5079027778
RA-1094,2023,2,Topázio,0,Em fase,10.0,8.5,9.5,7.8,2.52,8.75,8.3375,8.1779
RA-1094,2024,3,Topázio,0,Em fase,10.0,7.333333333333333,9.523809523666666,9.168,2.51,8.4375,8.1675,8.0164785714
RA-1095,2023,2,Ágata,-1,Moderada,5.0,5.3,9.8,0.0,2.52,8.75,8.005,6.238
RA-1095,2024,3,Ágata,0,Em fase,10.0,2.3333333333333335,7.84502924,7.5,7.51,5.46875,5.125,6.108547514666667
RA-1096,2023,2,Topázio,0,Em fase,10.0,9.6,9.9,9.5,2.52,8.958333333,8.0875,8.615533333
RA-1096,2024,3,Topázio,1,Em fase,10.0,8.5,9.866666666666667,9.168,8.755,9.0625,9.09,9.189883333333334
RA-1097,2023,2,Ágata,-2,Moderada,5.0,5.4,8.6,9.5,5.0,8.125,6.96,6.9547
RA-1097,2024,3,Quartzo,-1,Moderada,5.0,3.0,4.849791144666667,10.002,6.25,6.041666667,5.88,5.475324895633334
RA-1098,2023,2,Ametista,-1,Moderada,5.0,6.4,9.5,9.5,2.52,8.125,7.92,7.2787
RA-1098,2024,3,Ágata,0,Em fase,10.0,3.5,5.822406257,8.751,7.51,7.34375,6.7475,6.5744562514
RA-1099,2023,2,Ametista,-1,Moderada,5.0,5.2,9.6,9.0,2.52,8.333333333,8.34,7.113533333
RA-1099,2024,3,Ametista,0,Em fase,10.0,3.8333333333333335,8.133333333333333,8.334,10.0,7.8125,6.6225,7.332483333333334
RA-11,2022,7,Quartzo,-1,Moderada,5.0,3.0,4.2,9.2,5.0,,6.389,5.323
RA-110,2022,4,Topázio,0,Em fase,10.0,6.7,9.7,9.2,5.6,,8.0,8.15
RA-110,2023,5,Topázio,0,Em fase,10.0,7.5,8.6,8.3,5.0,8.75,8.2975,8.0879
RA-110,2024,5,Topázio,0,Em fase,10.0,8.5,9.696969697,9.168,6.255,7.5,8.504,8.6324939394
RA-1100,2023,2,Topázio,0,Em fase,10.0,7.1,9.2,10.0,5.0,8.541666667,8.283333333,8.261033333
RA-1100,2024,3,Ágata,1,Em fase,10.0,4.666666666666667,7.1000000000000005,7.5,7.51,6.71875,5.6175,6.649708333333334
RA-1101,2023,2,Ágata,0,Em fase,10.0,5.3,7.2,0.0,5.0,8.333333333,8.116666667,6.446666667
RA-1102,2023,2,Topázio,0,Em fase,10.0,7.5,9.5,9.5,5.0,7.708333333,7.56,8.123033333
RA-1102,2024,3,Topázio,1,Em fase,10.0,9.333333333333334,9.390476190333333,8.751,8.13,5.9375,7.07,8.440611904733334
RA-1103,2023,2,Ametista,0,Em fase,10.0,5.0,8.7,9.0,5.0,8.333333333,8.006666667,7.574866667
RA-1103,2024,2,Ametista,0,Em fase,10.0,7.25,7.763975155000001,8.502,7.51,7.5,7.54,7.861995031000001
RA-1104,2023,2,Ametista,-1,Moderada,5.0,6.4,10.0,5.7,2.52,8.541666667,9.063333333,7.265533333
RA-1105,2023,2,Ágata,-1,Moderada,5.0,6.0,9.0,0.0,2.52,8.125,8.673333333,6.299166667
RA-1106,2023,2,Ametista,-1,Moderada,5.0,5.1,9.3,8.5,5.0,8.333333333,8.003333333,7.1642
RA-1106,2024,3,Quartzo,0,Em fase,10.0,0.0,5.4312354313333335,8.334,7.51,7.65625,7.5,5.936272086266667
RA-1107,2023,2,Ametista,-1,Moderada,5.0,7.5,9.4,9.0,5.0,8.958333333,8.783333333,7.9327
RA-1107,2024,3,Quartzo,0,Em fase,10.0,2.5,6.2,8.751,2.51,7.5,6.785,5.9731
RA-1108,2023,2,Ágata,-1,Moderada,5.0,4.7,9.3,0.0,5.0,8.541666667,8.283333333,6.310833333
RA-1108,2024,3,Ágata,0,Em fase,10.0,3.6666666666666665,3.7546583853333337,9.168,8.13,7.1875,5.422,6.017215010400001
RA-1109,2023,2,Ágata,-2,Moderada,5.0,3.4,6.4,10.0,5.0,7.5,7.836666667,6.277533333
RA-111,2022,4,Topázio,1,Em fase,10.0,8.0,9.4,7.5,8.1,,8.667,8.646
RA-111,2023,5,Ametista,1,Em fase,10.0,6.0,8.7,7.5,5.0,7.65625,8.0875,7.566458333
RA-111,2024,5,Topázio,0,Em fase,10.0,8.333333333333334,9.488636363666666,9.168,6.26,8.125,8.74,8.667693939400001
RA-1110,2023,2,Ametista,-1,Moderada,5.0,6.8,9.2,4.6,5.0,8.541666667,8.73,7.248566667
RA-1111,2023,2,Ágata,0,Em fase,10.0,5.4,8.9,0.0,2.52,8.125,8.173333333,6.559166667
RA-1111,2024,3,Ágata,1,Em fase,10.0,5.0,4.600414078666667,6.249,7.5,6.5625,5.824,6.116032815733334
RA-1112,2023,2,Ametista,-1,Moderada,5.0,6.3,7.9,9.5,2.52,8.333333333,8.616666667,7.088866667
RA-1112,2024,3,Ágata,0,Em fase,10.0,4.0,9.02791197,9.585,8.135,5.375,4.705,6.8560823939999995
RA-1113,2023,2,Quartzo,-1,Moderada,5.0,5.0,6.0,0.0,7.52,7.5,7.173333333,5.636666667
RA-1114,2023,2,Ametista,0,Em fase,10.0,4.9,9.8,8.5,2.52,8.125,8.56,7.5667
RA-1114,2024,3,Ametista,0,Em fase,10.0,5.0,9.533333333333333,8.751,2.51,8.375,7.836,7.437466666666667
RA-1115,2023,2,Ágata,0,Em fase,10.0,4.0,8.3,0.0,7.52,7.5,7.56,6.474
RA-1115,2024,2,Ágata,0,Em fase,10.0,6.25,4.2676767675,8.002,7.51,7.5,5.826666667,6.570068686900001
RA-1116,2023,2,Ágata,-1,Moderada,5.0,4.9,9.2,9.5,5.0,7.083333333,7.39,6.956533333
RA-1116,2024,3,Quartzo,-1,Moderada,5.0,2.3333333333333335,3.3555555556666667,0.0,6.26,5.125,5.066,3.7894777778
RA-1117,2023,2,Topázio,0,Em fase,10.0,7.3,9.6,9.0,7.52,7.708333333,7.946666667,8.382366667
RA-1117,2024,3,Ametista,1,Em fase,10.0,5.666666666666667,8.314814814666667,8.751,7.51,8.125,6.833333333,7.601562962866668
RA-1118,2023,2,Ametista,-1,Moderada,5.0,6.0,8.8,5.3,7.52,7.708333333,8.28,7.163833333
RA-1118,2024,3,Ametista,0,Em fase,10.0,3.8333333333333335,7.846439628666666,7.084,9.38,6.75,6.866,7.0305545924
RA-1119,2023,2,Ametista,-1,Moderada,5.0,5.9,9.7,7.3,3.77,7.708333333,8.453333333,7.192
RA-1119,2024,3,Ametista,-1,Moderada,5.0,5.666666666666667,8.716666666666667,9.585,7.51,7.625,7.698,7.388266666666667
RA-112,2022,4,Ametista,-1,Moderada,5.0,8.5,7.8,7.9,6.3,,8.833,7.836
RA-112,2023,5,Ametista,-1,Moderada,5.0,7.4,8.1,6.7,5.0,7.96875,7.9225,7.141308333
RA-112,2024,6,Topázio,0,Em fase,10.0,8.0,7.978174603333333,7.083,7.51,7.96875,8.004,8.052609920666667
RA-1120,2023,2,Topázio,0,Em fase,10.0,8.3,9.6,9.5,7.52,8.958333333,9.676666667,9.103366667
RA-1121,2023,2,Topázio,0,Em fase,10.0,8.0,9.9,0.0,6.26,8.75,9.84,8.049
RA-1121,2024,3,Topázio,0,Em fase,10.0,6.666666666666667,10.0,9.585,7.51,7.083333333,8.28,8.407166666633334
RA-1122,2023,2,Ametista,0,Em fase,10.0,6.9,9.3,0.0,6.89,7.291666667,8.616666667,7.3715
RA-1122,2024,3,Ametista,1,Em fase,10.0,5.333333333333333,9.861111111,8.751,7.51,7.083333333,7.22,7.817322222166666
RA-1123,2023,2,Ágata,-1,Moderada,5.0,5.3,8.9,7.3,7.52,7.083333333,7.113333333,6.9565
RA-1124,2023,2,Ágata,-2,Moderada,5.0,3.0,8.0,9.5,7.52,7.083333333,7.786666667,6.667866667
RA-1125,2023,2,Ágata,0,Em fase,10.0,4.0,7.9,4.7,7.52,6.666666667,6.95,6.655366667
RA-1126,2023,2,,-1,Moderada,5.0,,5.2,0.0,3.77,7.291666667,7.06,
RA-1127,2023,2,Topázio,0,Em fase,10.0,6.9,9.9,8.5,5.02,8.125,9.01,8.3167
RA-1127,2024,3,Topázio,0,Em fase,10.0,5.833333333333333,10.0,9.168,7.51,8.125,7.67,8.180966666666668
RA-1128,2023,2,Ágata,-1,Moderada,5.0,3.5,7.3,9.5,5.02,7.916666667,7.503333333,6.404533333
RA-1129,2023,2,Ametista,0,Em fase,10.0,7.8,9.2,0.0,6.27,7.916666667,7.503333333,7.309333333
RA-1129,2024,3,Ametista,0,Em fase,10.0,6.833333333333333,7.137254902,9.168,8.13,6.875,5.745,7.360417647066668
RA-113,2022,4,Quartzo,-1,Moderada,5.0,3.7,0.0,0.0,5.0,,3.792,3.032
RA-113,2024,5,Ametista,-1,Moderada,5.0,6.666666666666667,7.063851181666667,8.751,7.51,7.5,7.106666667,7.043536903066667
RA-1130,2023,2,Topázio,0,Em fase,10.0,7.3,8.4,8.5,7.52,7.708333333,7.503333333,8.0037
RA-1130,2024,3,Ágata,0,Em fase,10.0,4.333333333333333,6.278431372666667,8.751,8.13,6.875,5.33,6.563952941199999
RA-1131,2023,2,Topázio,-1,Moderada,5.0,9.1,9.9,7.9,5.02,8.75,9.286666667,8.316133333
RA-1131,2024,3,Topázio,0,Em fase,10.0,8.333333333333334,9.277777777666666,8.334,6.255,7.291666667,7.893333333,8.2889555555
RA-1132,2023,2,Ágata,-1,Moderada,5.0,5.8,6.3,10.0,6.27,7.916666667,7.503333333,6.829533333
RA-1133,2023,2,Topázio,0,Em fase,10.0,6.5,10.0,9.5,6.27,8.541666667,9.343333333,8.600033333
RA-1133,2024,3,Topázio,1,Em fase,10.0,4.5,9.841269841333334,9.168,8.75,8.125,8.83,8.238553968266668
RA-1134,2023,2,Ametista,0,Em fase,10.0,6.8,9.7,8.0,3.76,7.916666667,7.56,7.769866667
RA-1134,2024,3,Ametista,0,Em fase,10.0,6.0,8.914285714,8.751,7.51,7.708333333,6.883333333,7.7564571427
RA-1135,2023,2,Ametista,0,Em fase,10.0,7.2,9.4,0.0,7.52,8.125,7.896666667,7.453833333
RA-1136,2023,2,Ágata,-1,Moderada,5.0,6.6,8.1,6.8,2.52,8.333333333,7.723333333,6.7351
RA-1136,2024,3,Quartzo,-1,Moderada,5.0,1.6666666666666667,4.547899159666667,8.751,8.135,7.5,6.383333333,5.458179831866667
RA-1137,2023,2,Topázio,0,Em fase,10.0,6.5,9.8,9.5,6.27,9.375,9.843333333,8.743366667
RA-1137,2024,3,Ametista,1,Em fase,10.0,3.5,7.588638262333333,8.334,8.13,8.28125,7.4575,7.1837526524666675
RA-1138,2023,2,Topázio,-1,Moderada,5.0,9.3,9.2,9.0,6.27,9.166666667,8.566666667,8.3472
RA-1139,2023,2,Ametista,0,Em fase,10.0,5.3,9.1,8.5,5.64,8.125,7.79,7.6647
RA-1139,2024,3,Ágata,1,Em fase,10.0,4.666666666666667,6.152715121333333,8.334,7.51,7.5,7.04,6.906276357600001
RA-114,2022,4,Quartzo,-2,Moderada,5.0,5.3,6.3,7.9,7.5,,5.0,5.894
RA-114,2023,5,Quartzo,-2,Moderada,5.0,5.6,6.0,0.0,3.14,7.5,7.255,5.335
RA-1140,2023,2,Ametista,0,Em fase,10.0,7.3,8.7,4.7,7.52,7.708333333,7.62,7.703533333
RA-1140,2024,2,Ametista,0,Em fase,10.0,7.0,6.112440191499999,6.834,7.51,8.125,7.39,7.3473880383
RA-1141,2023,2,Ametista,-1,Moderada,5.0,5.9,8.8,9.0,7.52,7.708333333,7.113333333,7.2757
RA-1141,2024,3,Ágata,0,Em fase,10.0,4.166666666666667,6.191537667666666,9.585,7.51,6.5625,6.7825,6.793890866866667
RA-1142,2023,2,Topázio,0,Em fase,10.0,10.0,10.0,9.0,7.52,8.541666667,8.343333333,9.175033333
RA-1142,2024,3,Topázio,0,Em fase,10.0,8.5,9.133333333333333,8.334,7.51,8.125,7.335,8.390566666666668
RA-1143,2023,3,Ágata,-2,Moderada,5.0,5.3,7.0,8.8,6.26,7.5,6.2075,6.445933333
RA-1143,2024,3,Quartzo,-3,Severa,2.5,3.1666666666666665,5.201336675,9.585,9.38,7.03125,6.79,5.881225668333334
RA-1144,2023,3,Ametista,0,Em fase,10.0,8.0,9.4,0.0,5.02,8.28125,8.0025,7.410625
RA-1145,2023,3,Ametista,1,Em fase,10.0,7.8,9.5,0.0,4.39,8.59375,8.63,7.484375
RA-1146,2023,3,Ágata,-1,Moderada,5.0,3.7,8.8,9.6,6.26,7.1875,6.965,6.689583333
RA-1146,2024,3,Quartzo,-2,Moderada,5.0,2.0,5.017209691,10.002,6.88,6.25,5.883333333,5.3933086048000005
RA-1147,2023,3,Ametista,-1,Moderada,5.0,6.7,8.3,8.3,6.26,7.1875,7.0075,7.072983333
RA-1147,2024,3,Quartzo,-1,Moderada,5.0,3.1666666666666665,6.125925926,8.751,8.755,6.25,5.495,5.833118518533334
RA-1148,2023,3,Ametista,1,Em fase,10.0,5.7,8.6,7.9,3.77,7.5,7.2125,7.227866667
RA-1149,2023,3,Ametista,-1,Moderada,5.0,7.2,9.8,8.3,2.52,7.96875,8.1725,7.410108333
RA-1149,2024,4,Topázio,-1,Moderada,5.0,6.0,10.0,8.334,10.0,8.625,8.706,8.1371
RA-115,2022,4,Quartzo,-2,Moderada,5.0,3.8,6.8,8.3,6.3,,5.583,5.886
RA-115,2023,5,Ágata,-1,Moderada,5.0,4.2,7.1,8.8,5.0,7.34375,7.215,6.319141667
RA-115,2024,5,Quartzo,-2,Moderada,5.0,4.166666666666667,4.164756812,7.917,6.26,6.75,5.726,5.404184695733334
RA-1150,2023,3,Ametista,-3,Severa,2.5,6.7,9.8,9.2,2.52,7.96875,7.835,7.076008333
RA-1150,2024,4,Ametista,-2,Moderada,5.0,6.833333333333333,6.481481481666667,8.334,7.51,7.65625,7.946666667,7.1023212964
RA-1151,2023,3,Ametista,0,Em fase,10.0,8.3,9.5,7.5,2.52,7.65625,7.545,7.829958333
RA-1151,2024,4,Topázio,1,Em fase,10.0,9.0,9.722222222333334,7.5,5.635,8.125,9.393333333,8.749111111066668
RA-1152,2023,3,Ágata,-1,Moderada,5.0,6.8,9.4,0.0,5.0,7.8125,7.585,6.544916667
RA-1153,2023,3,Ametista,-1,Moderada,5.0,7.2,10.0,7.9,7.52,7.65625,8.63,7.968658333
RA-1153,2024,4,Topázio,-1,Moderada,5.0,8.5,9.702380952333334,8.751,5.635,8.75,9.074,8.268876190466667
RA-1154,2023,3,Ametista,0,Em fase,10.0,5.1,9.3,9.6,5.63,7.65625,7.67,7.701125
RA-1154,2024,3,Ametista,-1,Moderada,5.0,8.0,9.200000000000001,7.917,7.51,7.34375,6.745,7.5660750000000005
RA-1155,2023,3,Ametista,-1,Moderada,5.0,8.0,9.2,9.2,5.63,7.5,8.2925,7.821633333
RA-1155,2024,4,Ametista,-1,Moderada,5.0,4.666666666666667,8.888888889,8.334,5.005,8.0,8.87,7.119011111133333
RA-1156,2023,3,Ametista,0,Em fase,10.0,5.3,9.2,8.3,2.52,7.96875,7.7925,7.340775
RA-1156,2024,4,Ágata,1,Em fase,10.0,2.0,7.821067821,7.5,7.51,7.125,7.5,6.6777135642
RA-1157,2023,3,Ametista,-1,Moderada,5.0,5.7,8.8,9.2,6.26,7.5,7.0025,7.086633333
RA-1157,2024,3,Ametista,-1,Moderada,5.0,7.0,9.082539682666665,9.585,7.51,7.96875,8.466,7.916082936533334
RA-1158,2023,3,Ágata,-1,Moderada,5.0,4.3,8.6,7.5,2.52,7.5,7.34,6.306666667
RA-1159,2023,3,Quartzo,0,Em fase,10.0,3.1,6.6,5.8,2.52,7.1875,7.1325,5.913883333
RA-116,2022,4,Ágata,-2,Moderada,5.0,5.9,8.1,5.8,6.3,,7.792,6.854
RA-116,2023,5,Ágata,-2,Moderada,5.0,4.7,7.6,6.7,5.0,7.96875,7.5475,6.433075
RA-116,2024,5,Ágata,-2,Moderada,5.0,4.5,7.535353535666666,8.334,5.635,6.875,6.73,6.337470707133334
RA-1160,2023,3,Ágata,0,Em fase,10.0,2.7,8.7,9.6,2.52,6.875,7.2575,6.636166667
RA-1160,2024,3,Ágata,-1,Moderada,5.0,3.1666666666666665,8.201288245,8.751,7.51,6.25,6.2475,6.274190982333334
RA-1161,2023,3,Ametista,0,Em fase,10.0,6.3,8.1,6.3,2.52,8.28125,8.63,7.317791667
RA-1162,2023,3,Ametista,0,Em fase,10.0,6.0,8.5,8.3,3.77,7.8125,7.7525,7.44215
RA-1162,2024,4,Ametista,0,Em fase,10.0,5.666666666666667,9.135672514666666,7.917,6.26,6.875,7.0375,7.473167836266667
RA-1163,2023,3,Ametista,-1,Moderada,5.0,7.2,9.3,8.8,7.52,7.65625,7.75,7.749391667
RA-1163,2024,4,Topázio,0,Em fase,10.0,7.833333333333333,9.824561403666666,8.334,7.51,8.125,8.755,8.6794789474
RA-1164,2023,3,Ágata,0,Em fase,10.0,4.8,7.5,9.2,2.52,7.65625,7.545,6.910091667
RA-1165,2023,3,Ametista,0,Em fase,10.0,7.3,9.1,9.2,5.0,7.1875,7.2925,7.880716667
RA-1165,2024,3,Ametista,0,Em fase,10.0,8.0,6.829721362333333,8.751,8.135,6.875,7.83,7.908044272466667
RA-1166,2023,3,Ametista,-2,Moderada,5.0,4.8,9.6,8.3,7.52,7.65625,7.9175,7.307858333
RA-1166,2024,4,Ametista,-1,Moderada,5.0,6.333333333333333,8.498245614,8.334,6.26,8.020833333,8.625,7.452799122766667
RA-1167,2023,3,Ágata,-3,Severa,2.5,3.8,7.6,8.8,2.52,7.65625,7.9625,6.021891667
RA-1168,2023,3,Quartzo,0,Em fase,10.0,3.5,8.8,0.0,2.52,7.65625,7.045,5.886625
RA-1168,2024,3,Ágata,-1,Moderada,5.0,5.666666666666667,7.682352941333334,9.585,7.51,7.1875,6.33,6.864053921600001
RA-1169,2023,3,Ametista,-1,Moderada,5.0,6.3,9.5,7.5,5.0,7.03125,8.0025,7.213625
RA-1169,2024,4,Ágata,-1,Moderada,5.0,6.833333333333333,8.444444444333334,6.25,5.635,7.8125,6.8,6.885305555533334
RA-117,2022,4,Ágata,-1,Moderada,5.0,6.1,6.3,7.9,6.9,,7.417,6.685
RA-1170,2023,3,Ágata,-1,Moderada,5.0,5.9,7.7,8.8,7.52,7.1875,6.5775,6.874683333
RA-1170,2024,3,Ágata,-2,Moderada,5.0,3.5,5.565079365,9.168,8.13,7.03125,6.7475,6.095440873
RA-1171,2023,3,Ametista,-1,Moderada,5.0,8.7,8.4,7.9,5.0,8.75,8.88,7.856033333
RA-1171,2024,4,Ametista,-1,Moderada,5.0,7.5,7.230158729999999,8.334,7.51,8.645833333,8.643333333,7.6236817459
RA-1172,2023,4,Ametista,-2,Moderada,5.0,6.7,7.8,8.3,2.52,8.59375,8.46,7.030108333
RA-1172,2024,5,Quartzo,-1,Moderada,5.0,3.3333333333333335,6.0634920633333325,7.5,6.26,7.25,6.196,5.719565079333334
RA-1173,2023,4,Ametista,0,Em fase,10.0,6.0,9.7,8.8,2.52,7.8125,8.1225,7.67285
RA-1173,2024,5,Topázio,0,Em fase,10.0,5.833333333333333,9.665831245,9.168,7.51,8.125,8.2,8.220132915666667
RA-1174,2023,4,Ametista,-1,Moderada,5.0,6.8,8.7,9.2,2.52,8.90625,8.3375,7.333591667
RA-1174,2024,5,Ametista,0,Em fase,10.0,5.0,8.349567099333333,8.751,6.26,7.5,7.266,7.374213419866667
RA-1175,2023,4,Quartzo,-3,Severa,2.5,6.3,5.3,8.3,2.52,7.65625,7.6275,5.939858333
RA-1176,2023,4,Topázio,1,Em fase,10.0,8.2,9.3,8.3,7.52,9.6875,9.17,8.881483333
RA-1176,2024,5,Topázio,1,Em fase,10.0,9.166666666666666,9.682539682666667,8.751,6.26,8.59375,8.9225,8.914816269866666
RA-1177,2023,4,Topázio,0,Em fase,10.0,7.2,9.9,10.0,2.52,8.90625,8.88,8.345491667
RA-1177,2024,5,Topázio,0,Em fase,10.0,7.333333333333333,9.824561403666666,8.751,6.26,7.65625,8.125,8.3233039474
RA-1178,2023,4,Ametista,-2,Moderada,5.0,5.7,9.3,8.8,2.52,7.96875,8.2125,7.066475
RA-1178,2024,5,Topázio,-1,Moderada,5.0,8.333333333333334,9.682539682666667,8.751,6.26,7.5,8.696,8.0934746032
RA-1179,2023,4,Ágata,-1,Moderada,5.0,5.0,8.1,9.6,4.38,6.875,7.17,6.631333333
RA-118,2022,4,Quartzo,0,Em fase,10.0,3.9,5.3,0.0,6.3,,6.958,5.597
RA-1180,2023,4,Ametista,-1,Moderada,5.0,5.4,9.5,8.3,5.0,7.1875,7.7125,7.067983333
RA-1181,2023,4,Ágata,0,Em fase,10.0,4.8,8.3,8.8,2.52,7.5,7.3375,6.971266667
RA-1181,2024,5,Ágata,0,Em fase,10.0,3.8333333333333335,5.036075036,9.168,6.26,7.125,5.862,6.2015816738666665
RA-1182,2023,4,Quartzo,-2,Moderada,5.0,4.2,6.3,7.5,2.52,6.71875,7.2125,5.709808333
RA-1183,2023,4,Ágata,-1,Moderada,5.0,5.3,8.7,7.5,2.52,6.09375,6.7575,6.269541667
RA-1184,2023,4,Ametista,-2,Moderada,5.0,7.3,8.3,8.3,5.0,8.125,8.045,7.381566667
RA-1184,2024,5,Ametista,-1,Moderada,5.0,7.666666666666667,8.658008657666668,6.666,7.51,7.291666667,7.5,7.411701731566668
RA-1185,2023,4,Topázio,1,Em fase,10.0,7.5,9.1,7.5,5.0,7.8125,8.3775,8.02675
RA-1186,2023,4,Ametista,-2,Moderada,5.0,5.5,9.8,8.8,6.89,6.875,7.3825,7.281433333
RA-1187,2023,4,Ágata,1,Em fase,10.0,5.3,6.9,8.8,2.52,7.34375,6.715,6.644475
RA-1188,2023,4,,-1,Moderada,5.0,6.4,9.4,9.6,,7.8125,7.5875,
RA-1188,2024,5,Ametista,-1,Moderada,5.0,7.0,10.0,9.168,7.51,8.125,7.106666667,7.801633333400001
RA-1189,2023,4,,-1,Moderada,5.0,6.1,9.0,8.8,,7.8125,7.3775,
RA-1189,2024,5,Ametista,-1,Moderada,5.0,7.666666666666667,8.672360248333332,9.585,7.51,7.5,7.106666667,7.6486387164
RA-119,2022,4,Ametista,0,Em fase,10.0,5.4,8.2,8.3,5.6,,7.875,7.501
RA-119,2023,7,,2,Em fase,10.0,,,6.7,2.52,,,
RA-119,2024,7,Topázio,1,Em fase,10.0,7.366666666666667,9.983333333,7.083,6.57,7.5,7.5,8.085299999933333
RA-1190,2023,4,Ágata,0,Em fase,10.0,4.2,9.2,0.0,5.0,7.34375,7.045,6.330041667
RA-1191,2023,4,Ágata,0,Em fase,10.0,3.7,7.2,7.5,5.0,5.0,6.26,6.175333333
RA-1192,2023,4,Ágata,-1,Moderada,5.0,5.8,8.7,7.9,2.52,7.96875,7.6675,6.780741667
RA-1193,2023,4,Ágata,0,Em fase,10.0,4.1,7.8,0.0,5.0,7.1875,7.13,6.018083333
RA-1193,2024,4,Ágata,-1,Moderada,5.0,4.0,7.763157895,8.751,5.635,7.8125,7.79,6.6304815790000005
RA-1194,2023,4,Ametista,1,Em fase,10.0,6.1,9.0,8.8,5.0,7.5,7.6675,7.671933333
RA-1195,2023,4,Quartzo,-3,Severa,2.5,5.4,8.3,0.0,2.52,8.28125,8.0025,5.677291667
RA-1195,2024,5,Ametista,-2,Moderada,5.0,6.166666666666667,9.855072463666666,9.585,5.63,7.5,7.663333333,7.5085144926666665
RA-1196,2023,5,Ametista,0,Em fase,10.0,7.5,8.2,0.0,5.0,7.8125,8.045,7.03025
RA-1197,2023,5,Ágata,-1,Moderada,5.0,7.3,8.4,6.7,5.0,7.03125,7.215,6.946058333
RA-1198,2023,5,Ametista,-1,Moderada,5.0,6.7,9.4,8.3,6.26,7.5,7.9625,7.515233333
RA-1198,2024,5,Ágata,-1,Moderada,5.0,3.5,9.458874459,8.751,7.51,7.375,7.332,6.9217748918
RA-1199,2023,5,Ametista,-2,Moderada,5.0,6.2,9.1,6.7,5.0,6.875,8.0875,7.024933333
RA-1199,2024,5,Ametista,-2,Moderada,5.0,9.0,8.571428571333334,7.5,5.005,6.5625,8.466,7.614235714266666
RA-12,2022,7,Quartzo,0,Em fase,10.0,1.5,4.0,0.0,6.9,,6.389,4.832
RA-12,2023,8,,0,Em fase,10.0,,,,,,,
RA-12,2024,8,,0,Em fase,10.0,,0.0,,,,,
RA-120,2022,4,Ágata,-1,Moderada,5.0,6.2,5.9,8.3,7.5,,7.667,6.825
RA-1200,2023,5,Quartzo,0,Em fase,10.0,4.0,6.4,0.0,5.0,7.5,6.8725,5.711166667
RA-1200,2024,5,Quartzo,-1,Moderada,5.0,1.5,7.099419478000001,7.917,6.26,7.5,6.27,5.6415838956
RA-1201,2023,5,Topázio,0,Em fase,10.0,7.8,9.6,9.2,3.77,8.59375,8.7575,8.378008333
RA-1201,2024,5,Topázio,-1,Moderada,5.0,9.0,9.523809523666666,8.751,7.51,8.333333333,8.56,8.376195238033333
RA-1202,2023,5,Ágata,-1,Moderada,5.0,3.3,7.6,7.1,7.52,7.34375,6.67,6.202008333
RA-1203,2023,5,Ametista,-1,Moderada,5.0,7.2,10.0,9.2,2.52,7.96875,7.8775,7.487841667
RA-1203,2024,6,Topázio,0,Em fase,10.0,9.0,9.649122807,9.168,7.51,8.375,8.572,8.9495245614
RA-1204,2023,5,Ágata,-1,Moderada,5.0,6.1,8.7,7.5,5.0,7.8125,7.2125,6.940416667
RA-1205,2023,5,Ágata,-3,Severa,2.5,5.0,9.2,9.2,6.26,7.5,7.085,6.806466667
RA-1206,2023,5,Ágata,-2,Moderada,5.0,5.6,8.3,8.8,2.52,7.8125,7.7125,6.724183333
RA-1207,2023,5,Ametista,0,Em fase,10.0,5.5,9.0,8.8,5.0,7.8125,7.63,7.58235
RA-1207,2024,5,Ágata,-1,Moderada,5.0,5.333333333333333,6.581140350999999,8.334,7.51,7.34375,6.5375,6.509169736866667
RA-1208,2023,5,Ametista,0,Em fase,10.0,6.2,8.8,8.8,2.52,6.875,6.2525,7.0651
RA-1209,2023,5,Ametista,-1,Moderada,5.0,7.4,9.4,7.5,5.0,7.8125,7.7125,7.43375
RA-121,2022,4,Ametista,-2,Moderada,5.0,7.2,8.4,7.1,6.3,,7.625,7.245
RA-121,2023,5,Ágata,-1,Moderada,5.0,6.0,8.8,6.3,5.0,7.34375,7.4625,6.811875
RA-121,2024,5,Ametista,-2,Moderada,5.0,8.833333333333334,8.152958153,8.751,6.26,7.25,6.764,7.476158297266668
RA-1210,2023,5,Ametista,-1,Moderada,5.0,4.7,9.4,9.6,5.0,7.8125,8.09,7.171083333
RA-1210,2024,6,Topázio,0,Em fase,10.0,5.5,10.0,9.585,7.51,7.875,8.166,8.2302
RA-1211,2023,5,Ametista,-1,Moderada,5.0,6.2,9.1,7.1,5.0,7.8125,7.7125,7.09205
RA-1212,2023,5,Ágata,-1,Moderada,5.0,4.2,8.9,8.3,5.0,7.65625,7.715,6.755358333
RA-1213,2023,5,Quartzo,-2,Moderada,5.0,6.0,8.4,0.0,2.52,7.8125,7.715,5.95625
RA-1214,2023,6,Topázio,0,Em fase,10.0,7.4,9.8,9.6,6.89,7.5,7.6725,8.378666667
RA-1214,2024,7,Topázio,0,Em fase,10.0,8.0,9.081527348,10.002,8.13,8.28125,7.663333333,8.5902971362
RA-1215,2023,6,Ágata,0,Em fase,10.0,4.1,5.6,7.1,5.0,7.5,7.1725,6.339466667
RA-1216,2023,6,Ametista,-2,Moderada,5.0,7.9,9.0,9.6,5.63,7.5,7.795,7.7105
RA-1216,2024,8,,0,Em fase,10.0,,0.0,,,,,
RA-1217,2023,6,Ágata,-1,Moderada,5.0,5.9,7.9,0.0,5.63,7.65625,7.38,6.064625
RA-1218,2023,6,Ágata,-1,Moderada,5.0,5.3,9.2,7.5,5.0,7.5,7.1325,6.8265
RA-1219,2023,6,Ametista,0,Em fase,10.0,6.3,6.5,8.8,5.63,7.34375,7.38,7.215141667
RA-122,2022,4,Quartzo,0,Em fase,10.0,1.8,3.4,7.9,7.5,,4.958,5.061
RA-1220,2023,6,Ágata,-1,Moderada,5.0,6.8,9.0,0.0,5.0,7.8125,7.63,6.46725
RA-1220,2024,6,Ametista,-1,Moderada,5.0,7.666666666666667,8.555555555666666,7.083,6.885,7.5,6.26,7.143244444466667
RA-1221,2023,7,Topázio,-1,Moderada,5.0,8.7,9.1,9.2,6.26,8.0,8.09,8.027466667
RA-1221,2024,8,,0,Em fase,10.0,8.0,0.0,,,,,
RA-1222,2023,7,Ametista,-1,Moderada,5.0,6.8,10.0,7.1,5.63,6.875,6.005,7.026466667
RA-1223,2023,7,Topázio,0,Em fase,10.0,9.0,9.3,8.8,5.0,6.875,7.2925,8.187766667
RA-1224,2023,7,Ametista,-1,Moderada,5.0,8.0,9.4,8.3,5.0,7.125,7.6325,7.5524
RA-1224,2024,8,,0,Em fase,10.0,,0.0,,,,,
RA-1225,2023,7,,-1,Moderada,5.0,,,7.5,2.52,,,
RA-1225,2024,8,,0,Em fase,10.0,,0.0,,,,,
RA-1226,2023,7,,1,Em fase,10.0,,,9.2,7.52,,,
RA-1226,2024,7,Ametista,0,Em fase,10.0,6.066666666666666,9.0,8.334,6.885,7.5,7.5,7.785233333333334
RA-1227,2023,7,,1,Em fase,10.0,,,9.2,2.52,,,
RA-1227,2024,7,Quartzo,0,Em fase,10.0,0.0,0.0,8.751,7.195,7.5,7.5,4.8446
RA-1228,2023,7,,0,Em fase,10.0,,,7.5,2.52,,,
RA-1228,2024,7,Quartzo,0,Em fase,10.0,0.0,0.0,8.751,7.51,7.5,7.5,4.8761
RA-1229,2023,7,,1,Em fase,10.0,,,8.3,7.52,,,
RA-1229,2024,7,Quartzo,0,Em fase,10.0,0.0,0.0,9.168,6.57,7.5,7.5,4.8238
RA-123,2022,4,Ametista,-2,Moderada,5.0,6.5,8.6,7.9,5.6,,7.292,7.084
RA-123,2023,5,Ágata,-2,Moderada,5.0,5.7,9.4,0.0,5.0,6.875,6.8375,6.068333333
RA-123,2024,6,Ágata,-1,Moderada,5.0,7.166666666666667,8.412698412666666,7.5,5.635,6.71875,6.43,6.887248015866668
RA-1230,2023,7,,1,Em fase,10.0,,,0.0,2.52,,,
RA-1230,2024,7,Quartzo,0,Em fase,10.0,0.0,0.0,7.917,7.195,7.5,7.5,4.7612000000000005
RA-1231,2023,8,,0,Em fase,10.0,,,,,,,
RA-1231,2024,9,,1,Em fase,10.0,,0.0,,,,,
RA-1232,2023,8,,0,Em fase,10.0,,,,,,,
RA-1232,2024,9,,1,Em fase,10.0,,0.0,,,,,
RA-1233,2023,8,,0,Em fase,10.0,,,,,,,
RA-1233,2024,9,,1,Em fase,10.0,,0.0,,,,,
RA-1234,2023,8,,0,Em fase,10.0,,,,,,,
RA-1234,2024,8,,0,Em fase,10.0,,0.0,,,,,
RA-1235,2023,8,,0,Em fase,10.0,,,,,,,
RA-1235,2024,9,,1,Em fase,10.0,,0.0,,,,,
RA-1236,2023,8,,0,Em fase,10.0,,,,,,,
RA-1236,2024,8,,0,Em fase,10.0,,0.0,,,,,
RA-1237,2023,8,,0,Em fase,10.0,,,,,,,
RA-1237,2024,9,,1,Em fase,10.0,,0.0,,,,,
RA-1238,2023,8,,0,Em fase,10.0,,,,,,,
RA-1238,2024,9,,1,Em fase,10.0,,0.0,,,,,
RA-1239,2023,8,,0,Em fase,10.0,,,,,,,
RA-1239,2024,8,,0,Em fase,10.0,,0.0,,,,,
RA-124,2022,4,Ametista,0,Em fase,10.0,6.7,7.8,7.9,5.0,,7.167,7.388
RA-1240,2023,8,,0,Em fase,10.0,,,,,,,
RA-1240,2024,8,,0,Em fase,10.0,,0.0,,,,,
RA-1241,2023,8,,0,Em fase,10.0,,,,,,,
RA-1241,2024,8,,0,Em fase,10.0,,0.0,,,,,
RA-1242,2023,8,,0,Em fase,10.0,,,,,,,
RA-1242,2024,8,,0,Em fase,10.0,,0.0,,,,,
RA-1243,2023,8,,0,Em fase,10.0,,,,,,,
RA-1244,2023,8,,0,Em fase,10.0,,,,,,,
RA-1244,2024,8,,0,Em fase,10.0,,0.0,,,,,
RA-1245,2023,8,,0,Em fase,10.0,,,,,,,
RA-1245,2024,8,,0,Em fase,10.0,,0.0,,,,,
RA-1246,2023,8,,0,Em fase,10.0,,,,,,,
RA-1246,2024,8,,0,Em fase,10.0,,0.0,,,,,
RA-1247,2023,8,,0,Em fase,10.0,,,,,,,
RA-1248,2023,8,,0,Em fase,10.0,,,,,,,
RA-1248,2024,8,,0,Em fase,10.0,,0.0,,,,,
RA-1249,2023,8,,0,Em fase,10.0,,,,,,,
RA-1249,2024,8,,0,Em fase,10.0,,0.0,,,,,
RA-125,2022,4,Ametista,-1,Moderada,5.0,7.1,8.5,8.8,7.5,,7.75,7.619
RA-125,2023,5,Ágata,-1,Moderada,5.0,5.8,7.7,9.2,5.0,8.125,7.835,6.989633333
RA-125,2024,6,Ágata,-1,Moderada,5.0,6.166666666666667,5.6428571430000005,8.334,7.51,7.34375,7.232,6.627079761933334
RA-1250,2023,8,,0,Em fase,10.0,,,,,,,
RA-1250,2024,8,,0,Em fase,10.0,,0.0,,,,,
RA-1251,2023,8,,0,Em fase,10.0,,,,,,,
RA-1251,2024,8,,0,Em fase,10.0,,0.0,,,,,
RA-1252,2023,8,,0,Em fase,10.0,,,,,,,
RA-1252,2024,9,,1,Em fase,10.0,,0.0,,,,,
RA-1253,2023,8,,0,Em fase,10.0,,,,,,,
RA-1253,2024,8,,0,Em fase,10.0,,0.0,,,,,
RA-1254,2023,8,,0,Em fase,10.0,,,,,,,
RA-1254,2024,9,,1,Em fase,10.0,,0.0,,,,,
RA-1255,2023,8,,0,Em fase,10.0,,,,,,,
RA-1255,2024,8,,0,Em fase,10.0,,0.0,,,,,
RA-1256,2023,8,,0,Em fase,10.0,,,,,,,
RA-1256,2024,8,,0,Em fase,10.0,,0.0,,,,,
RA-1257,2023,8,,0,Em fase,10.0,,,,,,,
RA-1257,2024,8,,0,Em fase,10.0,,0.0,,,,,
RA-1258,2023,8,,0,Em fase,10.0,,,,,,,
RA-1258,2024,9,,1,Em fase,10.0,,0.0,,,,,
RA-1259,2023,8,,0,Em fase,10.0,,,,,,,
RA-1259,2024,8,,0,Em fase,10.0,,0.0,,,,,
RA-126,2022,4,Ágata,-1,Moderada,5.0,4.4,5.8,7.1,7.5,,7.417,6.289
RA-1260,2023,8,,0,Em fase,10.0,,,,,,,
RA-1260,2024,9,,1,Em fase,10.0,,0.0,,,,,
RA-1261,2023,8,,0,Em fase,10.0,,,,,,,
RA-1261,2024,8,,0,Em fase,10.0,,0.0,,,,,
RA-1262,2023,8,,0,Em fase,10.0,,,,,,,
RA-1262,2024,8,,0,Em fase,10.0,,0.0,,,,,
RA-1263,2023,8,,0,Em fase,10.0,,,,,,,
RA-1263,2024,8,,0,Em fase,10.0,,0.0,,,,,
RA-1264,2023,8,,0,Em fase,10.0,,,,,,,
RA-1264,2024,8,,0,Em fase,10.0,,0.0,,,,,
RA-1265,2023,8,,0,Em fase,10.0,,,,,,,
RA-1265,2024,8,,0,Em fase,10.0,,0.0,,,,,
RA-1266,2023,8,,0,Em fase,10.0,,,,,,,
RA-1266,2024,9,,1,Em fase,10.0,,0.0,,,,,
RA-1267,2023,8,,0,Em fase,10.0,,,,,,,
RA-1267,2024,9,,1,Em fase,10.0,,0.0,,,,,
RA-1268,2023,8,,0,Em fase,10.0,,,,,,,
RA-1268,2024,9,,1,Em fase,10.0,,0.0,,,,,
RA-1269,2023,8,,0,Em fase,10.0,,,,,,,
RA-1269,2024,8,,0,Em fase,10.0,,0.0,,,,,
RA-127,2022,4,Topázio,0,Em fase,10.0,7.9,8.7,7.5,7.5,,8.125,8.283
RA-127,2023,5,Ametista,0,Em fase,10.0,6.4,7.8,8.8,6.26,8.4375,8.6725,7.91935
RA-127,2024,5,Topázio,0,Em fase,10.0,7.833333333333333,9.488636363666666,8.751,7.51,7.625,8.538,8.5605939394
RA-1270,2023,8,,0,Em fase,10.0,,,,,,,
RA-1270,2024,8,,0,Em fase,10.0,,0.0,,,,,
RA-1271,2023,8,,0,Em fase,10.0,,,,,,,
RA-1271,2024,8,,0,Em fase,10.0,,0.0,,,,,
RA-1272,2023,8,,0,Em fase,10.0,,,,,,,
RA-1272,2024,8,,0,Em fase,10.0,,0.0,,,,,
RA-1273,2023,8,,1,Em fase,10.0,,,,,,,
RA-1273,2024,8,,0,Em fase,10.0,,0.0,,,,,
RA-1274,2023,8,,0,Em fase,10.0,,,,,,,
RA-1274,2024,8,,0,Em fase,10.0,,0.0,,,,,
RA-1275,2024,0,Ametista,0,Em fase,10.0,8.0,8.6666666665,10.002,6.26,5.625,5.446666667,7.611366666700001
RA-1276,2024,0,Topázio,0,Em fase,10.0,8.0,9.3333333335,10.002,3.76,7.5,7.05,8.002866666700001
RA-1277,2024,0,Ametista,0,Em fase,10.0,8.0,9.0833333335,10.002,3.76,7.5,7.046666667,7.952200000100001
RA-1278,2024,0,Quartzo,-1,Moderada,5.0,7.5,4.1666666665,9.002,3.76,5.0,4.173333333,5.444199999900001
RA-1279,2024,0,Topázio,-1,Moderada,5.0,8.25,10.0,10.002,6.26,7.5,7.78,8.0822
RA-128,2022,4,Quartzo,-1,Moderada,5.0,5.6,6.2,0.0,7.5,,6.167,5.563
RA-128,2023,5,Ágata,-1,Moderada,5.0,5.7,7.3,6.7,5.0,7.34375,7.5475,6.503908333
RA-1280,2024,0,Topázio,-1,Moderada,5.0,8.5,9.5454545455,10.002,6.26,7.5,8.336666667,8.152624242500002
RA-1281,2024,0,Ametista,-1,Moderada,5.0,9.25,9.5454545455,7.918,6.26,7.5,7.78,7.982890909100001
RA-1282,2024,0,Ametista,-1,Moderada,5.0,9.25,8.1136363635,9.502,6.26,7.5,7.89,7.8769272727000015
RA-1283,2024,0,Topázio,-2,Moderada,5.0,9.0,9.230769231,10.002,7.51,7.5,8.28,8.3033538462
RA-1284,2024,0,Topázio,0,Em fase,10.0,10.0,9.347826087,9.002,2.51,7.8125,7.89,8.3800152174
RA-1285,2024,0,Topázio,0,Em fase,10.0,8.0,8.830227742999998,10.002,2.51,7.5,8.946666667,8.156578882000002
RA-1286,2024,0,Quartzo,0,Em fase,10.0,7.0,5.051759834,8.002,2.51,5.3125,4.61,5.914801966800001
RA-1287,2024,0,Ametista,-1,Moderada,5.0,7.75,9.3064182195,10.002,2.51,8.125,8.223333333,7.619650310500001
RA-1288,2024,0,Ametista,0,Em fase,10.0,10.0,7.9813664595,9.002,2.51,7.1875,7.273333333,7.9208899585
RA-1289,2024,0,Ametista,-1,Moderada,5.0,7.75,9.4444444445,7.002,7.51,5.9375,6.166666667,7.2171722223
RA-129,2022,4,Ágata,-1,Moderada,5.0,6.7,6.4,6.7,7.5,,7.792,6.926
RA-1290,2024,0,Topázio,-1,Moderada,5.0,8.75,10.0,10.002,7.51,7.5,8.28,8.407200000000001
RA-1291,2024,0,Topázio,-1,Moderada,5.0,8.25,9.5,9.502,7.51,7.5,7.89,8.079200000000002
RA-1292,2024,0,Ágata,-1,Moderada,5.0,8.25,4.7727272725,7.502,7.51,7.1875,7.893333333,6.9031621211
RA-1293,2024,0,Topázio,-1,Moderada,5.0,8.5,9.4949494945,8.002,7.51,6.875,8.336666667,8.005023232300001
RA-1294,2024,0,Ametista,-2,Moderada,5.0,7.75,10.0,9.502,7.51,6.875,7.553333333,7.9493666666
RA-1295,2024,0,Topázio,0,Em fase,10.0,7.5,9.5227272725,10.002,2.51,7.5,8.28,8.0617454545
RA-1296,2024,0,Ametista,-1,Moderada,5.0,6.5,8.4444444445,9.002,2.51,7.5,8.336666667,7.0574222223000005
RA-1297,2024,0,Ametista,-1,Moderada,5.0,9.25,9.761904762,9.502,2.51,7.5,6.833333333,7.620247619000001
RA-1298,2024,0,Ametista,0,Em fase,10.0,6.75,6.643356643500001,9.502,7.51,7.1875,7.393333333,7.577287995300001
RA-1299,2024,0,Ametista,-2,Moderada,5.0,6.5,7.638888889,8.502,7.51,7.1875,7.11,7.069727777800001
RA-13,2022,7,Ágata,-1,Moderada,5.0,4.7,7.4,7.9,7.5,,8.056,6.902
RA-13,2023,8,,0,Em fase,10.0,,,,,,,
RA-13,2024,8,,0,Em fase,10.0,,0.0,,,,,
RA-130,2022,4,Quartzo,-2,Moderada,5.0,4.1,4.7,8.3,5.0,,6.5,5.624
RA-1300,2024,0,Ametista,-1,Moderada,5.0,9.0,8.75,8.502,2.51,7.5,8.613333333,7.623866666600001
RA-1301,2024,0,Quartzo,-1,Moderada,5.0,7.0,2.9166666665000003,9.502,2.51,7.5,6.0,5.6345333333
RA-1302,2024,0,Quartzo,0,Em fase,10.0,4.0,5.416666667,10.002,2.51,6.25,4.996666667,5.758866666800001
RA-1303,2024,0,Topázio,0,Em fase,10.0,10.0,10.0,10.002,2.51,7.5,9.17,8.8352
RA-1304,2024,0,Ametista,-2,Moderada,5.0,6.0,7.9575163395,9.002,8.135,7.8125,6.493333333,7.085119934500001
RA-1305,2024,0,Ágata,-1,Moderada,5.0,4.75,8.710526316,8.502,2.51,7.8125,8.053333333,6.685221929800001
RA-1306,2024,0,Topázio,-1,Moderada,5.0,9.75,10.0,9.002,8.135,7.5,7.946666667,8.503033333400001
RA-1307,2024,0,Ágata,0,Em fase,10.0,5.5,5.833333333500001,10.002,6.255,6.25,5.383333333,6.5940333333000005
RA-1308,2024,0,Ágata,-1,Moderada,5.0,6.0,7.445652174,10.002,7.51,7.5,5.933333333,6.876997101400001
RA-1309,2024,0,Topázio,0,Em fase,10.0,7.5,9.1666666665,9.002,7.51,7.5,8.223333333,8.379199999899999
RA-131,2022,4,Ametista,-1,Moderada,5.0,5.6,9.0,8.8,5.6,,7.75,7.174
RA-131,2023,5,Quartzo,-1,Moderada,5.0,2.2,7.8,8.3,5.0,7.65625,6.8,5.952358333
RA-131,2024,5,Ametista,-2,Moderada,5.0,5.0,9.444444444666667,8.751,7.51,7.708333333,7.386666667,7.263155555633333
RA-1310,2024,0,Topázio,0,Em fase,10.0,10.0,9.375,8.502,2.51,7.8125,8.166666667,8.3907833334
RA-1311,2024,0,Ágata,0,Em fase,10.0,0.0,9.166666667,9.002,2.51,7.5,8.386666667,6.4118666668
RA-1312,2024,0,Ametista,-1,Moderada,5.0,6.5,8.333333333,10.002,7.51,6.25,8.336666667,7.510200000000001
RA-1313,2024,0,Topázio,0,Em fase,10.0,6.25,8.125,9.502,7.51,7.5,8.446666667,8.0155333334
RA-1314,2024,0,Topázio,0,Em fase,10.0,9.0,8.541666667,7.418,7.51,7.5,7.443333333,8.239799999999999
RA-1315,2024,0,Topázio,0,Em fase,10.0,9.0,8.3333333335,6.834,7.51,7.5,8.5,8.3510666667
RA-1316,2024,0,Ametista,-1,Moderada,5.0,7.75,8.20855615,9.002,7.51,7.5,7.5,7.59291123
RA-1317,2024,0,Ametista,-1,Moderada,5.0,10.0,7.0721925135,7.502,7.51,7.5,7.5,7.665638502700001
RA-1318,2024,0,Ágata,-1,Moderada,5.0,5.0,7.6871657755000005,8.502,7.51,7.1875,7.33,6.823383155100001
RA-1319,2024,0,Ametista,-1,Moderada,5.0,8.5,5.7516339865,8.502,7.51,7.5,7.5,7.201526797300001
RA-132,2022,4,Topázio,0,Em fase,10.0,7.7,8.8,10.0,5.6,,8.458,8.355
RA-132,2023,5,Ametista,0,Em fase,10.0,6.5,8.7,7.5,2.52,7.65625,7.715,7.350625
RA-132,2024,6,Topázio,0,Em fase,10.0,8.333333333333334,8.380952380666665,8.334,7.51,8.59375,8.44,8.4746321428
RA-1320,2024,0,Ametista,-1,Moderada,5.0,8.25,9.1666666665,9.002,7.51,7.5,7.5,7.8845333333
RA-1321,2024,0,Ametista,0,Em fase,10.0,8.75,8.875,9.002,6.885,6.5625,5.915,7.95295
RA-1322,2024,0,Topázio,0,Em fase,10.0,7.5,9.0,9.502,7.51,8.4375,8.165,8.47795
RA-1323,2024,0,Ametista,-1,Moderada,5.0,7.0,9.0833333335,10.002,7.51,6.875,6.66,7.487366666700001
RA-1324,2024,0,Topázio,-1,Moderada,5.0,8.5,10.0,10.002,7.51,7.8125,8.0,8.332450000000001
RA-1325,2024,0,Topázio,0,Em fase,10.0,10.0,9.5227272725,9.002,7.51,8.4375,7.915,8.9824954545
RA-1326,2024,0,Ametista,0,Em fase,10.0,4.5,9.2916666665,9.002,7.51,7.8125,7.245,7.6397833333000005
RA-1327,2024,0,Topázio,0,Em fase,10.0,7.5,9.3333333335,9.002,7.51,7.8125,7.325,8.264116666700001
RA-1328,2024,0,Topázio,-1,Moderada,5.0,10.0,8.2083333335,8.502,7.51,7.5,7.83,8.0588666667
RA-1329,2024,0,Ametista,0,Em fase,10.0,6.5,10.0,9.502,7.51,6.5625,6.66,7.98945
RA-133,2022,4,Ágata,-1,Moderada,5.0,5.6,7.1,7.9,7.5,,7.625,6.875
RA-133,2023,5,Ágata,-1,Moderada,5.0,5.3,7.9,7.5,2.52,7.1875,6.505,6.168416667
RA-1330,2024,0,Topázio,0,Em fase,10.0,9.5,9.3333333335,10.002,7.51,8.4375,7.915,8.944616666700002
RA-1331,2024,0,Ametista,0,Em fase,10.0,7.25,7.291666666499999,9.002,7.51,8.4375,7.245,7.8522833333
RA-1332,2024,0,Topázio,-2,Moderada,5.0,8.25,9.411764706,8.502,7.51,9.375,7.665,8.1040529412
RA-1333,2024,0,Topázio,-1,Moderada,5.0,9.25,10.0,7.502,6.255,9.375,7.75,8.213199999999999
RA-1334,2024,0,Topázio,-1,Moderada,5.0,9.0,10.0,10.002,5.625,9.375,7.75,8.350200000000001
RA-1335,2024,0,Topázio,-2,Moderada,5.0,8.75,9.75,9.002,7.51,9.375,7.665,8.3217
RA-1336,2024,0,Ametista,-1,Moderada,5.0,9.5,6.2008281575,9.502,2.51,7.5,7.75,7.141365631500001
RA-1337,2024,0,Ágata,-2,Moderada,5.0,6.0,4.722222222,8.002,7.51,6.875,5.66,6.015144444400001
RA-1338,2024,0,Ágata,-1,Moderada,5.0,3.0,8.6607142855,8.002,7.51,6.875,5.33,6.1368428571
RA-1339,2024,0,Ametista,-1,Moderada,5.0,8.75,10.0,8.502,6.885,5.0,5.33,7.3547
RA-134,2022,4,Ágata,-1,Moderada,5.0,4.7,6.8,8.8,7.5,,7.375,6.607
RA-1340,2024,0,Topázio,0,Em fase,10.0,10.0,8.392857143,9.502,7.51,5.625,7.0,8.3422714286
RA-1341,2024,0,Ametista,-1,Moderada,5.0,10.0,9.246031746,10.002,7.51,5.625,6.0,7.862906349200001
RA-1342,2024,0,Ametista,-1,Moderada,5.0,9.0,9.761904762,9.502,7.51,7.5,5.575,7.8185809524000005
RA-1343,2024,0,Topázio,0,Em fase,10.0,9.75,10.0,8.002,7.51,6.25,8.5,8.8262
RA-1344,2024,0,Topázio,0,Em fase,10.0,10.0,10.0,8.502,7.51,8.75,9.425,9.3612
RA-1345,2024,0,Ametista,-1,Moderada,5.0,6.25,9.4590643275,8.502,7.51,6.25,6.83,7.2340128655000004
RA-1346,2024,0,Ametista,0,Em fase,10.0,5.5,8.0595238095,9.502,7.51,6.25,6.66,7.3701047619
RA-1347,2024,0,Ágata,-1,Moderada,5.0,5.0,8.7857142855,8.502,2.51,5.625,6.165,6.153842857100001
RA-1348,2024,0,Ametista,-1,Moderada,5.0,9.0,8.5913312695,7.502,7.51,8.75,7.83,7.9604662539
RA-1349,2024,0,Ametista,-1,Moderada,5.0,8.5,8.388888889,8.002,7.51,8.4375,7.915,7.855727777800001
RA-135,2022,4,Ametista,-1,Moderada,5.0,8.6,7.8,8.3,5.6,,8.583,7.692
RA-1350,2024,0,Topázio,-2,Moderada,5.0,8.5,10.0,8.502,8.755,8.4375,7.83,8.335450000000002
RA-1351,2024,0,Topázio,-1,Moderada,5.0,8.75,9.230769231,9.002,8.13,8.4375,7.665,8.1861038462
RA-1352,2024,0,Topázio,-1,Moderada,5.0,8.5,9.5,10.002,8.13,8.4375,7.665,8.289950000000001
RA-1353,2024,0,Ágata,-1,Moderada,5.0,3.0,9.5,8.002,7.51,6.875,6.08,6.454700000000001
RA-1354,2024,0,Ametista,-1,Moderada,5.0,6.0,8.3636363635,9.502,7.51,8.125,7.335,7.353427272700001
RA-1355,2024,0,Ametista,-1,Moderada,5.0,7.0,6.5227272725,10.002,7.51,8.125,7.17,7.202245454500001
RA-1356,2024,0,Ametista,0,Em fase,10.0,5.5,9.4444444445,9.002,7.51,8.125,7.085,7.8695888889
RA-1357,2024,0,Ametista,-1,Moderada,5.0,6.75,7.5,8.002,7.51,8.125,7.335,7.1807
RA-1358,2024,0,Ágata,0,Em fase,10.0,4.0,7.380952381,9.168,5.01,6.25,6.17,6.552990476200001
RA-1359,2024,0,Ametista,0,Em fase,10.0,6.0,9.0,8.502,5.635,5.625,6.17,7.2102
RA-136,2022,4,Ágata,-1,Moderada,5.0,4.6,6.3,10.0,7.5,,6.667,6.478
RA-1360,2024,0,Ágata,0,Em fase,10.0,5.0,7.0018115945,8.502,7.51,5.625,6.42,6.8480623189
RA-1361,2024,0,Topázio,0,Em fase,10.0,10.0,9.375,9.502,5.635,7.5,8.0,8.738700000000001
RA-1362,2024,0,Ametista,0,Em fase,10.0,8.5,6.875,10.002,5.635,6.875,6.915,7.709200000000001
RA-1363,2024,0,Ametista,0,Em fase,10.0,6.5,10.0,7.418,5.635,6.875,6.99,7.690800000000001
RA-1364,2024,0,Ametista,-1,Moderada,5.0,8.75,8.4166666665,8.002,7.51,6.875,6.99,7.570033333300001
RA-1365,2024,0,Ametista,-1,Moderada,5.0,6.5,9.7916666665,9.002,6.26,6.875,6.99,7.3700333333
RA-1366,2024,0,Ágata,-1,Moderada,5.0,6.5,6.6032608695,9.002,7.51,7.5,6.99,6.919852173900001
RA-1367,2024,0,Topázio,0,Em fase,10.0,8.75,8.3804347825,10.002,7.51,7.5,7.5,8.427286956500001
RA-1368,2024,0,Topázio,0,Em fase,10.0,9.5,10.0,7.002,7.51,7.5,7.5,8.6012
RA-1369,2024,0,Topázio,0,Em fase,10.0,8.0,8.6304347825,8.502,6.26,7.5,7.5,8.052286956500001
RA-137,2022,4,Ametista,-3,Severa,2.5,7.3,8.9,7.5,5.0,,7.792,7.056
RA-137,2023,5,Quartzo,-2,Moderada,5.0,6.0,6.3,7.1,2.52,6.40625,6.88,5.937025
RA-137,2024,5,Ágata,-2,Moderada,5.0,6.833333333333333,7.582972583,9.585,5.005,4.791666667,6.276666667,6.576761183366667
RA-1370,2024,0,Topázio,-1,Moderada,5.0,9.0,8.722222222,10.002,7.51,7.5,7.5,8.0456444444
RA-1371,2024,0,Ágata,-1,Moderada,5.0,4.5,6.9782608695,7.502,7.51,6.875,7.5,6.4843521739
RA-1372,2024,0,Ametista,0,Em fase,10.0,4.75,10.0,9.502,8.13,7.5,7.5,7.9632000000000005
RA-1373,2024,0,Ametista,-1,Moderada,5.0,6.75,8.8804347825,9.502,7.51,7.5,7.5,7.577286956500001
RA-1374,2024,0,Ametista,-1,Moderada,5.0,5.25,9.347826087,9.502,7.51,7.5,7.5,7.3707652174
RA-1375,2024,0,Topázio,-1,Moderada,5.0,8.25,10.0,9.502,7.51,7.5,7.5,8.101200000000002
RA-1376,2024,0,Topázio,-1,Moderada,5.0,9.75,9.6153846155,9.002,7.51,7.5,7.5,8.2742769231
RA-1377,2024,0,Ametista,0,Em fase,10.0,5.5,10.0,9.002,8.13,6.875,6.99,7.8987
RA-1378,2024,0,Ametista,-1,Moderada,5.0,6.75,9.2857142855,9.002,8.13,7.5,7.5,7.6703428571
RA-1379,2024,0,Ágata,-1,Moderada,5.0,7.25,8.6842105265,9.502,3.755,5.9375,5.16,6.638292105300001
RA-138,2022,4,Ágata,-1,Moderada,5.0,5.6,8.0,9.6,5.6,,6.375,6.738
RA-138,2023,4,Ágata,-2,Moderada,5.0,4.3,7.9,10.0,6.26,7.34375,7.4175,6.784075
RA-138,2024,5,Ametista,-2,Moderada,5.0,5.833333333333333,8.751803751666666,9.585,7.51,7.708333333,7.443333333,7.3860274169
RA-1380,2024,0,Ametista,0,Em fase,10.0,8.0,8.784461152999999,9.502,4.385,7.1875,7.5,7.964342230600001
RA-1381,2024,0,Topázio,0,Em fase,10.0,9.5,10.0,9.502,8.13,8.75,7.5,9.038200000000002
RA-1382,2024,0,Ametista,-1,Moderada,5.0,7.5,9.761904762,8.502,7.51,7.8125,7.5,7.834830952400001
RA-1383,2024,0,Topázio,0,Em fase,10.0,8.5,9.2606516295,8.502,7.51,7.1875,7.5,8.3720803259
RA-1384,2024,0,Ágata,-2,Moderada,5.0,5.0,7.5689223055,8.002,7.51,6.25,5.16,6.221984461100001
RA-1385,2024,0,Ametista,-1,Moderada,5.0,8.0,10.0,10.002,4.385,6.875,7.5,7.7262
RA-1386,2024,0,Ametista,-1,Moderada,5.0,7.25,9.761904762,9.002,7.51,7.5,7.5,7.803580952400001
RA-1387,2024,0,Ametista,-1,Moderada,5.0,8.0,8.759398496,9.502,7.51,7.5,7.5,7.8030796992
RA-1388,2024,0,Ametista,-1,Moderada,5.0,5.0,8.214285713999999,9.002,6.88,7.5,7.67,7.015057142799999
RA-1389,2024,0,Topázio,0,Em fase,10.0,10.0,9.7916666665,9.002,6.88,7.5,8.42,8.980533333299999
RA-139,2022,4,Quartzo,-3,Severa,2.5,1.4,3.5,7.1,5.0,,3.917,3.738
RA-1390,2024,0,Topázio,0,Em fase,10.0,8.25,9.7916666665,9.502,5.005,7.5,8.42,8.4930333333
RA-1391,2024,0,Topázio,0,Em fase,10.0,10.0,9.2916666665,8.502,7.51,7.5,8.17,8.8435333333
RA-1392,2024,0,Quartzo,-1,Moderada,5.0,0.0,5.625,9.002,7.51,7.5,7.0,5.4262
RA-1393,2024,0,Ametista,0,Em fase,10.0,5.0,7.5,9.502,3.755,7.5,8.42,7.2597000000000005
RA-1394,2024,1,Ametista,-1,Moderada,5.0,5.75,8.6944444445,9.502,7.51,8.125,8.003333333,7.503255555500002
RA-1395,2024,1,Topázio,0,Em fase,10.0,7.75,10.0,9.502,7.51,7.8125,7.836666667,8.5997833334
RA-1396,2024,1,Ametista,-1,Moderada,5.0,6.5,10.0,9.502,7.51,8.125,7.67,7.8477
RA-1397,2024,1,Ametista,-1,Moderada,5.0,7.0,10.0,9.002,6.26,8.125,7.946666667,7.8280333334000005
RA-1398,2024,1,Ametista,-1,Moderada,5.0,8.0,9.555335968,6.918,7.51,8.125,8.616666667,7.989700527000001
RA-1399,2024,1,Ametista,-1,Moderada,5.0,6.0,9.7727272725,9.002,5.005,7.5,8.166666667,7.438578787899999
RA-14,2022,7,Ágata,-1,Moderada,5.0,4.0,8.3,7.9,7.5,,7.75,6.793
RA-14,2023,8,,0,Em fase,10.0,,,,,,,
RA-14,2024,8,,0,Em fase,10.0,,0.0,,,,,
RA-140,2022,4,Ametista,0,Em fase,10.0,5.7,7.6,7.9,6.9,,7.667,7.407
RA-1400,2024,1,Ametista,0,Em fase,10.0,7.25,6.6501976285,8.418,7.51,7.5,7.5,7.622839525700001
RA-1401,2024,1,Topázio,-2,Moderada,5.0,10.0,8.888888889,6.918,7.51,7.8125,8.085,8.1188277778
RA-1402,2024,1,Topázio,0,Em fase,10.0,7.25,9.5454545455,10.002,7.51,8.4375,8.17,8.588040909100002
RA-1403,2024,1,Topázio,-1,Moderada,5.0,8.75,9.3073593075,9.002,7.51,8.4375,8.255,8.257421861500001
RA-1404,2024,1,Topázio,0,Em fase,10.0,7.5,9.090909091,8.502,7.51,8.4375,8.17,8.3971318182
RA-1405,2024,1,Topázio,0,Em fase,10.0,8.75,8.6363636365,8.002,7.51,8.125,8.17,8.4749727273
RA-1406,2024,1,Ametista,-1,Moderada,5.0,7.5,8.8636363635,8.002,7.51,8.4375,8.255,7.8186772727000005
RA-1407,2024,1,Ametista,-1,Moderada,5.0,5.75,9.318181818,10.002,7.51,7.8125,7.5,7.546086363600001
RA-1408,2024,1,Ametista,-1,Moderada,5.0,6.75,8.409090909,10.002,7.51,8.4375,7.5,7.626768181800001
RA-1409,2024,1,Ametista,-1,Moderada,5.0,7.25,9.0909090905,10.002,7.51,8.4375,7.5,7.863131818100001
RA-141,2022,4,Ametista,0,Em fase,10.0,5.7,8.2,9.2,5.6,,5.917,7.118
RA-141,2023,4,Ágata,-1,Moderada,5.0,4.5,8.4,9.6,5.63,7.03125,7.0425,6.719791667
RA-1410,2024,1,Ametista,-1,Moderada,5.0,6.25,8.1136363635,9.002,7.51,8.75,8.165,7.5319272727
RA-1411,2024,1,Ágata,-1,Moderada,5.0,2.75,9.5,9.002,6.26,8.4375,7.835,6.886950000000001
RA-1412,2024,1,Topázio,0,Em fase,10.0,9.75,9.3073593075,10.002,7.51,8.75,8.835,9.204671861500001
RA-1413,2024,1,Ametista,-2,Moderada,5.0,7.25,8.593073593,9.002,7.51,8.4375,7.92,7.747564718600001
RA-1414,2024,1,Topázio,0,Em fase,10.0,8.5,9.2965367965,9.502,6.885,8.75,8.835,8.840007359300001
RA-1415,2024,1,Ametista,-1,Moderada,5.0,6.75,9.7727272725,8.002,6.26,7.291666667,7.056666667,7.3712454546
RA-1416,2024,1,Ametista,-1,Moderada,5.0,7.75,8.2765151515,8.502,7.51,7.916666667,6.386666667,7.375503030400001
RA-1417,2024,1,Ametista,-1,Moderada,5.0,9.0,9.337121212,9.002,7.51,6.25,6.5,7.7436242424
RA-1418,2024,1,Ametista,-1,Moderada,5.0,8.25,9.128787879,8.502,7.51,7.916666667,6.833333333,7.7352909091000015
RA-1419,2024,1,Topázio,0,Em fase,10.0,7.5,10.0,8.502,7.51,8.958333333,8.783333333,8.7536999999
RA-142,2022,4,Ametista,0,Em fase,10.0,6.3,8.6,6.7,5.6,,7.583,7.457
RA-1420,2024,1,Quartzo,-2,Moderada,5.0,4.5,5.520833333500001,7.918,6.26,6.458333333,5.44,5.6558
RA-1421,2024,1,Ametista,-1,Moderada,5.0,7.5,6.777777778,9.002,7.51,6.875,7.163333333,7.126922222200001
RA-1422,2024,1,Ametista,-1,Moderada,5.0,4.75,7.5,9.502,7.51,8.125,7.7475,7.0132
RA-1423,2024,1,Ágata,-1,Moderada,5.0,5.75,5.3125,8.502,7.51,7.8125,6.5425,6.403450000000001
RA-1424,2024,1,Ametista,-1,Moderada,5.0,7.25,8.9444444445,9.002,7.51,7.8125,6.915,7.5543388889
RA-1425,2024,1,Ágata,-1,Moderada,5.0,7.0,6.7976190475,9.002,7.51,7.34375,5.92,6.8290988095000005
RA-1426,2024,1,Quartzo,-1,Moderada,5.0,2.75,5.845238095,9.502,7.51,7.5,5.8325,5.8367476190000005
RA-1427,2024,1,Topázio,-1,Moderada,5.0,8.0,10.0,9.502,7.51,8.90625,8.6675,8.425325
RA-1428,2024,1,Topázio,-1,Moderada,5.0,8.0,8.8562091505,8.502,7.51,9.166666667,8.085,8.006108496800001
RA-1429,2024,1,Topázio,-1,Moderada,5.0,7.75,8.888888889,9.502,7.51,8.958333333,8.085,8.041811111100001
RA-143,2022,4,Topázio,1,Em fase,10.0,7.9,9.9,8.3,5.6,,9.5,8.638
RA-143,2023,5,Ametista,1,Em fase,10.0,6.5,9.6,8.3,2.52,8.28125,8.3375,7.794358333
RA-143,2024,7,Ametista,2,Em fase,10.0,2.6333333333333333,9.92,10.002,6.885,7.5,7.5,7.449366666666667
RA-1430,2024,1,Ametista,-1,Moderada,5.0,6.25,10.0,8.502,7.51,8.958333333,8.085,7.864033333300001
RA-1431,2024,1,Ametista,-1,Moderada,5.0,8.0,7.7432712215,9.002,7.51,7.96875,9.09,7.9147292443
RA-1432,2024,1,Topázio,-1,Moderada,5.0,9.5,10.0,10.002,7.51,9.21875,8.505,8.774075000000002
RA-1433,2024,1,Topázio,-1,Moderada,5.0,8.75,9.068322981,8.502,7.51,8.28125,8.505,8.1939895962
RA-1434,2024,1,Topázio,-1,Moderada,5.0,9.0,7.9813664595,8.502,6.26,9.53125,9.76,8.2775982919
RA-1435,2024,1,Ametista,0,Em fase,10.0,7.5,7.833333333500001,9.502,7.51,7.1875,6.165,7.7196166667
RA-1436,2024,1,Ametista,-1,Moderada,5.0,8.0,8.674948240500001,7.418,7.51,8.28125,7.17,7.589914648100001
RA-1437,2024,1,Ametista,-1,Moderada,5.0,8.0,9.347826087,8.502,7.51,8.28125,7.92,7.982890217400001
RA-1438,2024,1,Topázio,-1,Moderada,5.0,7.0,9.0,10.002,7.51,8.90625,9.175,8.176825000000001
RA-1439,2024,1,Topázio,-1,Moderada,5.0,8.5,10.0,7.502,7.51,9.375,9.345,8.507700000000002
RA-144,2022,4,Topázio,0,Em fase,10.0,7.9,9.3,7.5,5.0,,8.292,8.181
RA-144,2023,5,Quartzo,1,Em fase,10.0,4.4,5.2,0.0,2.52,6.25,6.0,4.990333333
RA-1440,2024,1,Ametista,-1,Moderada,5.0,4.5,9.544513457499999,9.002,7.51,8.75,8.17,7.469102691500001
RA-1441,2024,1,Topázio,0,Em fase,10.0,8.5,9.109730849,9.502,7.51,9.375,9.005,8.961646169800002
RA-1442,2024,1,Ametista,-2,Moderada,5.0,7.25,8.674948240500001,8.002,7.51,7.5,5.745,7.135189648100001
RA-1443,2024,1,Ágata,-2,Moderada,5.0,6.75,7.5,6.918,6.26,7.708333333,7.415,6.921633333300001
RA-1444,2024,1,Ágata,-1,Moderada,5.0,6.0,5.277777778,8.502,7.51,7.708333333,7.415,6.610588888900001
RA-1445,2024,1,Ametista,-1,Moderada,5.0,7.25,9.5,9.502,7.51,7.916666667,7.5,7.842866666700001
RA-1446,2024,1,Quartzo,0,Em fase,10.0,0.0,6.6501976285,8.002,6.26,7.291666667,7.075,5.9004061924
RA-1447,2024,1,Ametista,-1,Moderada,5.0,5.25,9.7368421055,9.502,7.51,7.916666667,7.75,7.5402350878
RA-1448,2024,1,Ametista,-2,Moderada,5.0,6.0,9.5346320345,9.002,7.51,7.5,7.29,7.466126406900001
RA-1449,2024,1,Ametista,-1,Moderada,5.0,6.75,8.3333333335,7.418,7.51,7.96875,7.04,7.214341666700001
RA-145,2022,4,Quartzo,-2,Moderada,5.0,5.2,6.3,0.0,8.1,,7.25,5.846
RA-145,2023,4,,-3,Severa,2.5,6.2,9.0,7.9,,7.96875,7.4625,
RA-1450,2024,1,Ametista,0,Em fase,10.0,3.5,8.571428571,9.502,7.51,7.8125,7.5425,7.405235714200002
RA-1451,2024,1,Ametista,-1,Moderada,5.0,6.0,8.8095238095,10.002,7.51,7.96875,7.7525,7.560479761900002
RA-1452,2024,2,Topázio,0,Em fase,10.0,7.75,10.0,9.002,7.51,7.916666667,8.17,8.6268666667
RA-1453,2024,2,Ametista,-1,Moderada,5.0,6.5,7.8214285715,8.502,6.25,7.5,7.67,7.1234857143
RA-1454,2024,2,Ametista,0,Em fase,10.0,7.75,5.880952381,8.002,7.51,7.708333333,8.28,7.7042238095
RA-1455,2024,2,Ágata,-1,Moderada,5.0,3.5,7.777777778,8.002,7.51,7.708333333,7.833333333,6.6442555555
RA-1456,2024,2,Topázio,0,Em fase,10.0,7.75,9.511904762,9.502,7.51,7.5,7.946666667,8.492914285800001
RA-1457,2024,2,Ágata,-1,Moderada,5.0,2.75,8.0357142855,3.498,7.51,7.291666667,7.663333333,6.0197761904
RA-1458,2024,2,Quartzo,-1,Moderada,5.0,3.25,7.280701754500001,8.751,7.51,6.041666667,5.213333333,5.879073684200001
RA-1459,2024,2,Ágata,-1,Moderada,5.0,3.75,8.2976190475,8.002,7.51,7.5,7.273333333,6.665390476100001
RA-146,2022,4,Ametista,-1,Moderada,5.0,7.9,9.2,8.3,7.5,,8.208,7.947
RA-146,2023,5,Ametista,-1,Moderada,5.0,7.9,9.5,6.2,5.0,8.4375,8.2125,7.584483333
RA-146,2024,5,Topázio,-2,Moderada,5.0,9.333333333333334,9.514316093333333,8.751,5.635,7.65625,8.304,8.134554885333333
RA-1460,2024,2,Ágata,0,Em fase,10.0,3.25,7.460526316,9.502,7.51,6.875,6.27,6.784805263200001
RA-1461,2024,2,Ágata,-1,Moderada,5.0,2.75,9.273809524,10.002,7.51,7.5,7.33,6.871961904800001
RA-1462,2024,2,Ametista,-1,Moderada,5.0,6.5,10.0,8.502,7.51,8.125,7.053333333,7.6243666666
RA-1463,2024,2,Topázio,0,Em fase,10.0,10.0,9.722222222,8.502,7.51,9.0625,8.113333333,9.074561111000001
RA-1464,2024,2,Ametista,-1,Moderada,5.0,6.25,7.794871795,8.002,7.51,9.0625,7.61,7.288424359
RA-1465,2024,2,Ametista,-1,Moderada,5.0,5.75,8.75,7.418,7.51,8.75,7.833333333,7.3344666666
RA-1466,2024,2,Topázio,0,Em fase,10.0,7.5,7.380952381,10.002,7.51,8.75,8.056666667,8.213723809600001
RA-1467,2024,2,Topázio,0,Em fase,10.0,9.25,9.022556391,9.002,7.51,8.75,8.28,8.836711278200001
RA-1468,2024,2,Topázio,0,Em fase,10.0,7.0,8.972431078,8.502,7.51,8.4375,7.443333333,8.1281028822
RA-1469,2024,2,Ametista,-1,Moderada,5.0,4.75,9.4444444445,8.502,7.51,8.75,8.223333333,7.459755555500001
RA-147,2022,4,Ametista,0,Em fase,10.0,6.1,7.7,8.3,7.5,,7.25,7.541
RA-147,2023,4,Quartzo,-1,Moderada,5.0,4.5,7.0,0.0,5.63,6.875,7.46,5.5425
RA-147,2024,5,Ametista,-1,Moderada,5.0,6.166666666666667,9.277056277,8.334,7.51,7.5,7.386666667,7.400477922133334
RA-1470,2024,2,Quartzo,-1,Moderada,5.0,5.0,6.35610766,8.002,6.26,6.875,5.4125,5.967421532000001
RA-1471,2024,2,Ametista,-1,Moderada,5.0,7.5,7.195652174,10.002,7.51,7.65625,7.2425,7.404455434800001
RA-1472,2024,2,Topázio,0,Em fase,10.0,8.75,10.0,8.502,7.51,7.96875,8.1275,8.773575000000001
RA-1473,2024,2,Ágata,-1,Moderada,5.0,5.25,8.4368530025,9.502,5.625,6.5625,6.415,6.689320600500001
RA-1474,2024,2,Ametista,0,Em fase,10.0,7.5,7.960662526,8.002,5.625,6.71875,6.2875,7.384207505200001
RA-1475,2024,2,Ametista,0,Em fase,10.0,5.0,8.070175439,9.002,7.51,7.5,6.993333333,7.413901754400001
RA-1476,2024,2,Topázio,0,Em fase,10.0,8.5,10.0,9.502,5.635,8.4375,8.7525,8.80795
RA-1477,2024,2,Ametista,0,Em fase,10.0,5.0,8.010869565,8.002,7.51,6.40625,6.2875,7.0514989130000005
RA-1478,2024,2,Ágata,0,Em fase,10.0,4.25,6.666666667,8.002,6.255,6.875,7.1225,6.7210333334
RA-1479,2024,2,Ágata,0,Em fase,10.0,4.25,6.1965811965,8.502,7.51,7.1875,6.0325,6.615766239300001
RA-148,2022,4,Ametista,0,Em fase,10.0,5.3,7.9,9.2,10.0,,7.708,7.894
RA-1480,2024,2,Ametista,-1,Moderada,5.0,5.5,8.875,8.502,7.51,7.1875,6.9975,7.09445
RA-1481,2024,2,Ágata,-1,Moderada,5.0,4.75,8.782608695499999,8.502,7.51,6.875,6.8275,6.860721739100001
RA-1482,2024,2,Quartzo,-1,Moderada,5.0,0.0,5.0,8.502,7.51,7.5,6.8725,5.2257
RA-1483,2024,2,Ametista,0,Em fase,10.0,6.5,7.913043478500001,9.502,7.51,5.78125,5.7475,7.311433695700001
RA-1484,2024,2,Ametista,-1,Moderada,5.0,7.0,10.0,9.002,6.26,7.5,7.89,7.754200000000001
RA-1485,2024,2,Ágata,-1,Moderada,5.0,5.0,7.7432712215,9.002,5.625,7.5,7.386666667,6.7386875776999995
RA-1486,2024,2,Ágata,0,Em fase,10.0,5.75,5.431372549,8.002,6.26,7.916666667,7.056666667,6.865474509900001
RA-1487,2024,2,Topázio,-1,Moderada,5.0,8.25,9.5652173915,10.002,6.26,7.708333333,7.833333333,8.0267434782
RA-1488,2024,2,Ágata,0,Em fase,10.0,3.5,7.111801242,8.002,7.51,7.5,6.716666667,6.7668935818000016
RA-1489,2024,2,Quartzo,-1,Moderada,5.0,5.0,5.793478261000001,9.002,6.26,6.666666667,5.663333333,5.9842289855000015
RA-149,2022,4,Ágata,-1,Moderada,5.0,5.0,6.5,9.2,7.5,,6.125,6.323
RA-149,2023,4,Quartzo,-2,Moderada,5.0,4.7,4.2,8.8,2.52,7.5,7.2925,5.622266667
RA-149,2024,5,Quartzo,-2,Moderada,5.0,3.8333333333333335,4.104378593666667,9.585,6.26,7.34375,6.626,5.7316173854
RA-1490,2024,2,Ametista,-1,Moderada,5.0,7.75,9.5652173915,8.502,6.26,6.666666667,6.333333333,7.3725768116
RA-1491,2024,2,Ametista,0,Em fase,10.0,6.5,6.25,9.002,7.51,7.5,7.78,7.5072
RA-1492,2024,2,Topázio,1,Em fase,10.0,8.0,8.8141025645,8.002,7.51,8.75,8.45,8.479020512900002
RA-1493,2024,2,Ágata,-1,Moderada,5.0,4.0,7.8468899525,8.502,7.51,7.1875,5.946666667,6.378661323900001
RA-1494,2024,2,Quartzo,0,Em fase,10.0,4.25,6.7794117645,0.0,7.51,7.5,5.84,5.8748823529
RA-1495,2024,2,Topázio,0,Em fase,10.0,8.25,8.318181818,9.002,7.51,8.75,8.223333333,8.4845030302
RA-1496,2024,2,Ágata,0,Em fase,10.0,4.25,5.714285714500001,9.002,7.51,7.8125,6.773333333,6.7799738095
RA-1497,2024,2,Quartzo,0,Em fase,10.0,2.0,5.0227272725,0.0,7.51,6.875,6.996666667,5.2423787879
RA-1498,2024,2,Ametista,-1,Moderada,5.0,7.0,7.840909091,8.502,7.51,8.125,6.33,7.147881818200001
RA-1499,2024,2,Ametista,0,Em fase,10.0,6.5,9.25,8.418,6.885,8.125,7.11,7.914800000000001
RA-15,2022,7,Ametista,-1,Moderada,5.0,7.3,10.0,8.8,7.5,,7.292,7.783
RA-150,2022,4,Ágata,-2,Moderada,5.0,6.9,6.3,9.6,6.9,,7.333,6.962
RA-1500,2024,2,Ametista,0,Em fase,10.0,3.5,8.3333333335,9.502,6.885,8.4375,7.556666667,7.360450000100002
RA-1501,2024,2,Topázio,0,Em fase,10.0,5.0,10.0,9.502,7.51,8.4375,7.5,8.04495
RA-1502,2024,2,Ágata,-1,Moderada,5.0,5.25,7.628205128,8.002,7.51,7.8125,7.39,6.886091025600001
RA-1503,2024,2,Ágata,-1,Moderada,5.0,2.75,10.0,7.502,7.51,8.958333333,7.723333333,6.991699999900001
RA-1504,2024,2,Ágata,-1,Moderada,5.0,6.75,4.6136363634999995,7.5,5.63,5.833333333,6.94,6.057060605999999
RA-1505,2024,2,Ágata,-1,Moderada,5.0,3.75,7.5252525255,9.502,7.51,8.75,6.943333333,6.7199171717
RA-1506,2024,2,Ametista,0,Em fase,10.0,3.5,8.3874458875,8.002,7.51,6.458333333,7.886666667,7.151855844200001
RA-1507,2024,2,Quartzo,-1,Moderada,5.0,5.0,4.448051948,6.918,7.51,4.583333333,3.776666667,5.046077056300001
RA-1508,2024,2,Topázio,0,Em fase,10.0,9.25,7.2294372295,7.502,7.51,7.5,8.166666667,8.1804207793
RA-1509,2024,2,Ametista,0,Em fase,10.0,7.5,6.5151515155,8.502,7.51,6.666666667,7.446666667,7.560230303200001
RA-151,2022,4,Ametista,-2,Moderada,5.0,8.3,7.5,8.8,6.9,,7.958,7.563
RA-151,2023,5,Ágata,-2,Moderada,5.0,7.9,7.8,0.0,7.52,8.59375,8.1725,6.892541667
RA-1510,2024,2,Topázio,0,Em fase,10.0,10.0,9.7727272725,10.002,7.51,9.583333333,9.003333333,9.464745454400001
RA-1511,2024,2,Topázio,0,Em fase,10.0,8.75,9.3271221535,10.002,7.51,8.4375,8.556666667,8.9217077641
RA-1512,2024,2,Topázio,0,Em fase,10.0,5.5,10.0,9.502,7.51,7.8125,7.61,8.10445
RA-1513,2024,2,Ágata,-1,Moderada,5.0,3.75,7.5252525255,8.502,7.51,7.5,7.223333333,6.5509171717
RA-1514,2024,2,Ametista,0,Em fase,10.0,5.5,7.979797980000001,9.002,7.51,7.1875,7.273333333,7.520576262600001
RA-1515,2024,2,Quartzo,-1,Moderada,5.0,3.5,6.6666666665,6.418,6.255,6.875,6.72,5.832133333300001
RA-1516,2024,3,Ametista,3,Em fase,10.0,4.666666666666667,5.404288499000001,9.585,9.38,7.96875,7.5475,7.217066033133334
RA-1517,2024,3,Ágata,-1,Moderada,5.0,4.666666666666667,4.305555555666667,9.168,9.38,7.5,6.7075,6.240744444466667
RA-1518,2024,3,Quartzo,-1,Moderada,5.0,1.75,5.714285714333333,7.084,9.38,7.65625,6.5825,5.721382142866666
RA-1519,2024,3,Ametista,3,Em fase,10.0,4.833333333333333,5.560902255666666,9.585,8.755,7.96875,7.5025,7.210222117800001
RA-152,2022,4,Ágata,-2,Moderada,5.0,6.5,7.0,8.3,7.5,,6.292,6.712
RA-152,2023,4,Ágata,-2,Moderada,5.0,4.5,7.7,7.9,2.52,7.8125,7.71,6.30695
RA-152,2024,5,Ágata,-2,Moderada,5.0,5.166666666666667,7.337719298333333,7.5,5.63,7.8125,7.443333333,6.5837938596
RA-1520,2024,3,Ametista,-1,Moderada,5.0,3.75,9.060606060666666,8.334,8.75,7.65625,7.3325,7.0026462121333335
RA-1521,2024,3,Quartzo,-1,Moderada,5.0,3.1666666666666665,6.157902555,7.5,2.51,6.09375,5.4525,5.065788844333333
RA-1522,2024,3,Topázio,0,Em fase,10.0,7.0,10.0,8.751,9.38,6.875,7.1275,8.3261
RA-1523,2024,3,Topázio,1,Em fase,10.0,8.166666666666666,9.283272283333334,6.666,8.755,8.90625,8.755,8.67371279
RA-1524,2024,3,Quartzo,-1,Moderada,5.0,4.0,2.777777777666667,7.917,7.51,7.65625,6.9175,5.5473805555333335
RA-1525,2024,3,Ametista,0,Em fase,10.0,7.0,8.293650793666666,7.917,5.63,8.541666667,7.553333333,7.778263492033334
RA-1526,2024,3,Ametista,0,Em fase,10.0,3.75,10.0,9.168,8.75,8.125,8.1275,7.9798
RA-1527,2024,3,Topázio,0,Em fase,10.0,8.0,10.0,9.168,7.51,7.96875,7.835,8.631675000000001
RA-1528,2024,3,Ametista,0,Em fase,10.0,5.666666666666667,7.787878788,9.168,7.51,7.96875,7.335,7.622584090933335
RA-1529,2024,3,Ágata,-1,Moderada,5.0,5.5,7.435897436,6.666,7.51,8.125,6.964,6.710079487200001
RA-153,2022,4,Ametista,0,Em fase,10.0,6.6,8.2,7.9,5.0,,7.708,7.535
RA-153,2023,5,Ametista,0,Em fase,10.0,6.4,7.4,9.2,2.52,8.125,7.71,7.289966667
RA-153,2024,7,Quartzo,2,Em fase,10.0,0.0,0.0,8.751,6.5675,7.5,7.5,4.78185
RA-1530,2024,3,Quartzo,0,Em fase,10.0,2.8333333333333335,2.5238095237666665,0.0,8.13,7.03125,5.258,4.6391535714200005
RA-1531,2024,3,Ametista,-1,Moderada,5.0,5.833333333333333,7.9726867336666665,8.751,7.505,7.34375,7.14,7.0491790134
RA-1532,2024,3,Quartzo,-1,Moderada,5.0,2.0,3.9057239053333332,0.0,7.51,7.5,6.832,4.548544781066667
RA-1533,2024,3,Topázio,0,Em fase,10.0,9.5,9.710144927666667,9.168,8.135,8.5,8.3375,9.089828985533336
RA-1534,2024,3,Ametista,0,Em fase,10.0,1.1666666666666667,9.666666666666666,7.917,8.135,8.0,8.0825,7.188366666666667
RA-1535,2024,3,Ametista,0,Em fase,10.0,5.833333333333333,5.103121516333333,8.751,7.51,7.125,7.9175,7.109390969933334
RA-1536,2024,3,Ametista,-1,Moderada,5.0,7.0,8.722222222333334,9.168,8.135,7.875,7.4575,7.653744444466668
RA-1537,2024,3,Topázio,-1,Moderada,5.0,8.666666666666666,8.33064949,9.168,8.135,8.125,8.67,8.176263231333333
RA-1538,2024,3,Ametista,1,Em fase,10.0,7.166666666666667,7.935185184999999,9.168,8.13,7.916666667,7.106666667,7.9631703704333345
RA-1539,2024,3,Ametista,0,Em fase,10.0,6.833333333333333,9.027777777666666,6.667,6.885,7.708333333,7.056666667,7.709588888900001
RA-154,2022,4,Ágata,-1,Moderada,5.0,4.0,6.1,8.3,6.3,,6.833,6.073
RA-1540,2024,3,Quartzo,-1,Moderada,5.0,2.6666666666666665,5.0,8.334,7.51,7.125,6.83,5.696233333333334
RA-1541,2024,3,Topázio,0,Em fase,10.0,8.166666666666666,8.633333333333333,9.168,6.88,8.25,7.736,8.337
RA-1542,2024,3,Ágata,-2,Moderada,5.0,3.1666666666666665,6.304873294333333,7.501,8.135,7.375,6.966,6.0886079922
RA-1543,2024,3,Ágata,-1,Moderada,5.0,5.0,8.076923077,7.5,7.51,7.25,7.066,6.754584615400001
RA-1544,2024,3,Ágata,-1,Moderada,5.0,5.833333333333333,8.674509804,8.334,6.885,6.625,6.598,6.905568627466667
RA-1545,2024,3,Ametista,0,Em fase,10.0,8.166666666666666,6.210826211,7.501,8.13,6.25,6.165,7.296598575533334
RA-1546,2024,3,Ágata,0,Em fase,10.0,4.666666666666667,6.374643874666667,8.334,8.75,7.5,6.17,6.900662108266667
RA-1547,2024,3,Ágata,-1,Moderada,5.0,6.666666666666667,6.467236467333334,7.917,8.13,7.5,6.335,6.748480626800001
RA-1548,2024,3,Ágata,0,Em fase,10.0,4.833333333333333,5.2421652420000004,8.334,7.51,7.5,5.665,6.482499715066667
RA-1549,2024,3,Ágata,-2,Moderada,5.0,4.166666666666667,7.441394335666668,9.585,7.51,7.1875,6.325,6.514862200466668
RA-155,2022,4,Ametista,-2,Moderada,5.0,5.2,8.3,10.0,7.5,,6.833,7.051
RA-155,2023,5,Ágata,-2,Moderada,5.0,4.4,8.1,7.9,5.0,7.03125,6.5875,6.318991667
RA-155,2024,8,,0,Em fase,10.0,,0.0,,,,,
RA-1550,2024,3,Ágata,-1,Moderada,5.0,4.333333333333333,5.222222222,9.585,7.51,7.03125,6.2025,6.064236111066667
RA-1551,2024,3,Quartzo,-2,Moderada,5.0,3.5,4.7710437709999995,9.585,7.51,7.5,6.79,5.9717087542
RA-1552,2024,3,Ametista,0,Em fase,10.0,3.1666666666666665,9.743589743666666,9.585,7.51,7.1875,7.165,7.443301282066667
RA-1553,2024,3,Ametista,0,Em fase,10.0,4.333333333333333,9.003921568666668,8.334,7.51,8.333333333,7.78,7.641184313700001
RA-1554,2024,3,Ágata,-2,Moderada,5.0,4.0,9.629629629666667,6.666,8.76,7.291666667,7.22,6.941692592633334
RA-1555,2024,3,Ametista,0,Em fase,10.0,3.0,10.0,8.334,6.255,8.125,8.056666667,7.4827333334
RA-1556,2024,3,Ágata,0,Em fase,10.0,4.0,5.222222222333333,7.917,7.51,7.916666667,7.44,6.666811111166668
RA-1557,2024,3,Topázio,0,Em fase,10.0,7.0,8.916666666666666,9.585,7.51,7.916666667,7.72,8.228500000033334
RA-1558,2024,4,Ametista,-1,Moderada,5.0,5.5,8.705360238666666,9.168,8.755,8.5,8.302,7.643772047733333
RA-1559,2024,4,Ágata,-1,Moderada,5.0,4.666666666666667,5.2929755216666665,7.917,6.885,8.375,7.604,6.330428437666668
RA-156,2022,4,Ametista,-1,Moderada,5.0,4.4,8.3,10.0,9.4,,7.792,7.357
RA-1560,2024,4,Topázio,1,Em fase,10.0,8.166666666666666,9.206349206333334,9.168,5.635,8.5,8.336,8.4721031746
RA-1561,2024,4,Ametista,-1,Moderada,5.0,9.0,9.174603174666666,9.585,5.0,8.0,7.734,7.9402206349333335
RA-1562,2024,4,Quartzo,-2,Moderada,5.0,0.5,8.666666666666666,6.25,5.01,6.25,6.8725,5.458833333333334
RA-1563,2024,4,Ametista,-1,Moderada,5.0,7.0,8.305555555666666,8.751,7.51,7.25,8.46,7.604211111133335
RA-1564,2024,4,Quartzo,-1,Moderada,5.0,2.1666666666666665,4.942067736333334,8.334,6.885,5.75,5.2875,5.0761468806000005
RA-1565,2024,4,Quartzo,-1,Moderada,5.0,5.5,8.102240896333333,0.0,7.51,6.375,6.0375,5.816448179266667
RA-1566,2024,4,Ametista,-2,Moderada,5.0,6.5,9.247219355666667,9.168,7.51,7.75,8.335,7.759243871133334
RA-1567,2024,4,Ametista,-2,Moderada,5.0,8.166666666666666,8.771043771,8.334,7.51,7.75,8.335,7.913942087533334
RA-1568,2024,4,Ametista,-1,Moderada,5.0,8.166666666666666,7.493464052333334,9.168,7.51,8.0,8.5025,7.8003261438000004
RA-1569,2024,4,Quartzo,-2,Moderada,5.0,2.1666666666666665,7.111111111333334,6.666,6.26,6.875,6.9175,5.7191555556
RA-157,2022,4,Topázio,1,Em fase,10.0,7.7,10.0,7.5,6.3,,8.292,8.317
RA-157,2023,5,Ametista,2,Em fase,10.0,6.8,9.9,7.1,2.52,8.59375,8.63,7.879008333
RA-157,2024,5,Topázio,1,Em fase,10.0,9.666666666666666,10.0,8.334,6.26,8.125,8.726666667,8.950566666733334
RA-1570,2024,4,Ametista,-1,Moderada,5.0,8.333333333333334,7.542087542,9.585,7.51,7.75,8.6725,7.894084175066667
RA-1571,2024,4,Ametista,-1,Moderada,5.0,5.666666666666667,9.111111111333335,8.334,5.005,7.5,8.545,7.2484555556
RA-1572,2024,4,Topázio,-1,Moderada,5.0,7.5,9.841269841333334,9.168,7.51,7.65625,8.393333333,8.080345634866667
RA-1573,2024,4,Ágata,-1,Moderada,5.0,5.0,6.120448179333334,9.168,6.26,7.65625,8.556666667,6.743847969266667
RA-1574,2024,4,Ametista,-1,Moderada,5.0,7.333333333333333,8.399470899666667,8.751,7.51,7.8125,8.616666667,7.777244180000001
RA-1575,2024,4,Ametista,-1,Moderada,5.0,5.333333333333333,8.624338624,9.168,6.885,7.65625,8.28,7.318459391466667
RA-1576,2024,4,Ametista,-1,Moderada,5.0,6.666666666666667,9.523809523666666,8.334,5.635,6.40625,8.44,7.4636202380666665
RA-1577,2024,4,Ágata,-1,Moderada,5.0,4.333333333333333,4.993386243333333,10.002,7.51,7.34375,7.273333333,6.305585581933334
RA-1578,2024,4,Ametista,1,Em fase,10.0,7.333333333333333,6.761695906666667,8.334,7.51,7.5,8.636,7.880605848
RA-1579,2024,4,Ametista,-2,Moderada,5.0,7.166666666666667,9.090261886999999,8.751,5.635,8.5,9.272,7.894385710733333
RA-158,2022,4,Ametista,-3,Severa,2.5,6.6,9.8,7.9,5.6,,8.125,7.302
RA-158,2023,5,Ametista,1,Em fase,10.0,6.0,9.0,7.1,2.52,8.28125,7.545,7.297425
RA-158,2024,5,Ágata,0,Em fase,10.0,4.0,7.796296296333334,8.334,6.26,6.875,6.745,6.855159259266667
RA-1580,2024,4,Ametista,-1,Moderada,5.0,6.166666666666667,9.049953314666666,8.751,7.51,7.875,9.168,7.790523996266667
RA-1581,2024,4,Ágata,-1,Moderada,5.0,6.333333333333333,7.834844760666667,8.334,6.26,7.083333333,7.386666667,6.9787022855
RA-1582,2024,4,Ágata,-1,Moderada,5.0,4.5,8.069444444333334,8.334,6.255,6.666666667,6.666666667,6.472788888966667
RA-1583,2024,4,Ametista,-1,Moderada,5.0,8.166666666666666,7.753623188333333,7.917,6.26,9.166666667,9.006666667,7.8197579711000005
RA-1584,2024,4,Ametista,-1,Moderada,5.0,5.5,9.153439153333332,8.334,7.51,7.8125,8.1675,7.429837830666667
RA-1585,2024,4,Ágata,-1,Moderada,5.0,4.0,6.775210084333334,10.002,7.51,7.65625,7.7925,6.730367016866668
RA-1586,2024,4,Ágata,-1,Moderada,5.0,5.666666666666667,6.128654970666666,10.002,5.01,6.875,7.54,6.555764327466668
RA-1587,2024,4,Ametista,-2,Moderada,5.0,3.75,10.0,9.168,7.51,7.8125,8.2075,7.34055
RA-1588,2024,4,Ametista,0,Em fase,10.0,4.0,8.640618640666666,7.917,7.51,7.5,7.415,7.303823728133333
RA-1589,2024,4,Quartzo,-1,Moderada,5.0,2.5,6.259259259333334,0.0,7.51,7.5,7.54,5.260851851866667
RA-159,2022,4,Ágata,-1,Moderada,5.0,4.7,8.1,8.3,5.6,,6.458,6.49
RA-159,2023,4,Ágata,-2,Moderada,5.0,6.3,8.1,7.9,2.52,8.125,7.8775,6.805033333
RA-1590,2024,4,Topázio,-1,Moderada,5.0,8.666666666666666,8.267770876333332,7.917,7.51,10.0,8.806,8.1907875086
RA-1591,2024,4,Ágata,-2,Moderada,5.0,3.5,6.430976431,7.083,7.51,8.125,7.064,6.1707952862
RA-1592,2024,4,Ágata,-1,Moderada,5.0,5.5,6.854727398333334,7.917,7.51,8.125,7.432,6.812545479666667
RA-1593,2024,4,Ágata,-1,Moderada,5.0,6.5,4.868875086666667,6.249,6.26,9.0625,8.538,6.638525017333334
RA-1594,2024,4,Quartzo,-2,Moderada,5.0,3.0,6.112836439,9.585,6.26,6.25,5.996,5.731267287800001
RA-1595,2024,4,Ágata,0,Em fase,10.0,2.3333333333333335,7.949735449666666,8.334,6.26,7.395833333,7.021666667,6.6599304233000005
RA-1596,2024,4,Ametista,-2,Moderada,5.0,3.3333333333333335,10.0,8.751,7.51,8.229166667,8.226666667,7.261016666766667
RA-1597,2024,4,Ágata,-1,Moderada,5.0,2.8333333333333335,8.412698412666666,7.5,7.51,8.125,8.28,6.7187063492
RA-1598,2024,5,Topázio,0,Em fase,10.0,7.5,8.857142857,9.585,7.51,8.375,8.236,8.4656285714
RA-1599,2024,5,Ametista,-2,Moderada,5.0,6.5,9.666666666666666,8.334,7.51,7.75,7.566,7.6059333333333345
RA-16,2022,7,Ágata,-1,Moderada,5.0,3.5,8.3,7.9,5.0,,6.333,6.112
RA-160,2022,4,Ágata,-1,Moderada,5.0,5.3,7.2,7.5,5.6,,8.25,6.746
RA-160,2023,5,Ágata,-1,Moderada,5.0,5.0,8.3,8.8,2.52,8.125,7.46,6.598266667
RA-160,2024,5,Ágata,-1,Moderada,5.0,5.666666666666667,7.416666666666667,8.334,6.26,7.34375,7.723333333,6.855108333266668
RA-1600,2024,5,Ágata,-2,Moderada,5.0,5.666666666666667,8.425925926,8.751,6.26,7.25,6.03,6.750618518533334
RA-1601,2024,5,Ametista,-1,Moderada,5.0,6.5,7.0,8.751,7.51,7.5,8.335,7.2431
RA-1602,2024,5,Topázio,0,Em fase,10.0,7.166666666666667,8.782407407333332,7.917,7.51,7.34375,7.875,8.041889814800001
RA-1603,2024,5,Ametista,-1,Moderada,5.0,8.333333333333334,9.259259258999998,7.5,7.51,7.5,7.835,7.836518518466668
RA-1604,2024,5,Topázio,-1,Moderada,5.0,8.5,7.777777778,9.168,7.51,8.125,8.88,8.0118555556
RA-1605,2024,5,Quartzo,-1,Moderada,5.0,2.5,5.0694444443333335,0.0,7.51,7.5,7.028,4.920488888866667
RA-1606,2024,5,Quartzo,-2,Moderada,5.0,2.5,5.148148148,8.334,7.51,7.8125,7.132,5.8216796296
RA-1607,2024,5,Quartzo,-1,Moderada,5.0,0.0,6.222222222333333,5.833,5.635,6.5625,6.762,4.899894444466667
RA-1608,2024,5,Ametista,0,Em fase,10.0,5.0,7.199074074333335,8.751,7.51,6.40625,6.83,7.072539814866667
RA-1609,2024,5,Ametista,-2,Moderada,5.0,6.0,9.666666666666666,8.334,7.51,7.708333333,7.943333333,7.577233333233334
RA-161,2022,4,Ametista,2,Em fase,10.0,6.9,9.1,7.9,5.6,,8.083,7.957
RA-161,2023,5,Ágata,1,Em fase,10.0,5.8,7.3,0.0,2.52,8.125,7.795,6.250166667
RA-161,2024,5,Ametista,0,Em fase,10.0,4.0,7.965686274666666,8.751,6.26,7.96875,7.836666667,7.258445588333334
RA-1610,2024,5,Ágata,-2,Moderada,5.0,5.166666666666667,7.753697970666667,9.168,7.51,7.291666667,6.106666667,6.7023729275666675
RA-1611,2024,5,Ágata,-2,Moderada,5.0,4.5,8.361426442,7.083,7.51,7.5,5.886666667,6.4589186218000005
RA-1612,2024,5,Ametista,-2,Moderada,5.0,6.166666666666667,8.523809523666666,6.666,7.51,7.708333333,6.94,7.014528571366666
RA-1613,2024,5,Ágata,-2,Moderada,5.0,3.0,7.1428571430000005,8.334,7.51,7.291666667,6.216666667,6.085471428700001
RA-1614,2024,5,Ágata,-1,Moderada,5.0,6.5,6.574494949666668,7.5,7.51,7.5,7.11,6.787898989933334
RA-1615,2024,5,Topázio,0,Em fase,10.0,8.333333333333334,9.833333333333334,7.917,7.51,7.5,7.4575,8.417533333333333
RA-1616,2024,5,Ametista,-1,Moderada,5.0,6.166666666666667,8.436274509666667,8.334,7.51,7.1875,7.12,7.147738235266668
RA-1617,2024,5,Quartzo,-1,Moderada,5.0,3.25,5.571428571333333,0.0,7.51,6.875,6.1175,4.926285714266666
RA-1618,2024,5,Ametista,-1,Moderada,5.0,6.333333333333333,7.908496732000001,8.334,7.51,7.5,6.83,7.0487660130666665
RA-1619,2024,5,Ametista,1,Em fase,10.0,4.25,9.259259259333334,7.501,7.51,7.5,7.205,7.393951851866667
RA-162,2022,4,Ametista,0,Em fase,10.0,5.5,8.5,6.7,7.5,,6.542,7.215
RA-1620,2024,5,Ágata,-1,Moderada,5.0,5.166666666666667,6.666666666666667,8.751,7.51,7.5,7.05,6.652766666666667
RA-1621,2024,5,Topázio,-1,Moderada,5.0,8.333333333333334,10.0,7.917,6.26,8.333333333,8.446666667,8.107033333366667
RA-1622,2024,5,Topázio,-1,Moderada,5.0,9.666666666666666,10.0,8.334,7.51,8.333333333,7.89,8.429066666633334
RA-1623,2024,6,Ametista,0,Em fase,10.0,6.0,8.518518518666667,9.168,6.26,7.8125,7.666,7.7609537037333345
RA-1624,2024,6,Ametista,-1,Moderada,5.0,7.5,9.460317460333334,7.917,7.51,7.8125,7.636,7.743213492066667
RA-1625,2024,6,Ágata,0,Em fase,10.0,4.333333333333333,7.112887113,7.5,7.51,7.1875,6.896,6.888194089266667
RA-1626,2024,6,Topázio,0,Em fase,10.0,7.333333333333333,9.696969697,8.751,7.51,8.28125,8.404,8.541085606066668
RA-1627,2024,6,Ametista,-1,Moderada,5.0,7.833333333333333,7.777777777666667,7.083,7.51,7.65625,8.172,7.481547222200001
RA-1628,2024,6,Ametista,0,Em fase,10.0,5.833333333333333,8.509823509666667,8.334,7.51,6.875,6.798,7.500131368600001
RA-1629,2024,6,Ametista,-1,Moderada,5.0,7.25,8.645502645666667,9.585,7.51,7.1875,7.266,7.560550529133334
RA-163,2022,4,Ágata,-1,Moderada,5.0,6.7,7.9,8.8,5.6,,6.5,6.797
RA-1630,2024,6,Topázio,0,Em fase,10.0,7.333333333333333,9.833333333333334,8.334,7.51,8.25,8.702,8.583133333333334
RA-1631,2024,6,Topázio,-1,Moderada,5.0,7.166666666666667,10.0,9.585,7.51,8.5,8.468,8.186433333333333
RA-1632,2024,6,Topázio,0,Em fase,10.0,6.666666666666667,10.0,9.168,7.51,7.75,8.066,8.389333333333335
RA-1633,2024,8,,0,Em fase,10.0,,0.0,,,,,
RA-1634,2024,8,,0,Em fase,10.0,,0.0,,,,,
RA-1635,2024,8,,0,Em fase,10.0,,0.0,,,,,
RA-1636,2024,8,,0,Em fase,10.0,,0.0,,,,,
RA-1637,2024,9,,1,Em fase,10.0,,0.0,,,,,
RA-1638,2024,9,,1,Em fase,10.0,,0.0,,,,,
RA-1639,2024,9,,1,Em fase,10.0,,0.0,,,,,
RA-164,2022,4,Ágata,-2,Moderada,5.0,6.5,7.3,8.3,5.6,,7.208,6.776
RA-164,2023,5,Quartzo,-1,Moderada,5.0,5.8,8.2,0.0,2.52,6.875,6.9625,5.638666667
RA-164,2024,5,Ágata,-2,Moderada,5.0,5.666666666666667,8.084795321666666,9.585,6.26,6.25,6.886666667,6.837125731066667
RA-1640,2024,9,,1,Em fase,10.0,,0.0,,,,,
RA-1641,2024,9,,1,Em fase,10.0,,0.0,,,,,
RA-1642,2024,9,,1,Em fase,10.0,,0.0,,,,,
RA-1643,2024,9,,1,Em fase,10.0,,0.0,,,,,
RA-1644,2024,9,,1,Em fase,10.0,,0.0,,,,,
RA-1645,2024,9,,1,Em fase,10.0,,0.0,,,,,
RA-1646,2024,9,,1,Em fase,10.0,,0.0,,,,,
RA-1647,2024,9,,1,Em fase,10.0,,0.0,,,,,
RA-1648,2024,9,,1,Em fase,10.0,,0.0,,,,,
RA-1649,2024,9,,1,Em fase,10.0,,0.0,,,,,
RA-165,2022,4,Topázio,0,Em fase,10.0,7.6,9.8,7.1,5.6,,7.5,8.063
RA-165,2023,5,Ametista,0,Em fase,10.0,7.3,9.2,6.7,2.52,8.125,7.795,7.583433333
RA-165,2024,5,Topázio,0,Em fase,10.0,8.5,9.431042884999998,7.5,7.51,7.96875,7.893333333,8.4627502436
RA-1650,2024,9,,1,Em fase,10.0,,0.0,,,,,
RA-1651,2024,9,,1,Em fase,10.0,,0.0,,,,,
RA-1652,2024,9,,1,Em fase,10.0,,0.0,,,,,
RA-1653,2024,9,,1,Em fase,10.0,,0.0,,,,,
RA-1654,2024,9,,1,Em fase,10.0,,0.0,,,,,
RA-1655,2024,9,,1,Em fase,10.0,,0.0,,,,,
RA-1656,2024,9,,1,Em fase,10.0,,0.0,,,,,
RA-1657,2024,9,,1,Em fase,10.0,,0.0,,,,,
RA-1658,2024,9,,1,Em fase,10.0,,0.0,,,,,
RA-1659,2024,9,,1,Em fase,10.0,,0.0,,,,,
RA-166,2022,4,Topázio,0,Em fase,10.0,8.1,9.0,9.2,6.3,,7.542,8.253
RA-166,2023,5,Topázio,0,Em fase,10.0,8.1,8.9,7.5,6.26,8.4375,7.4625,8.105583333
RA-166,2024,7,Topázio,1,Em fase,10.0,8.266666666666667,9.246,8.334,6.5725,7.5,7.5,8.243183333333334
RA-1660,2024,9,,1,Em fase,10.0,,0.0,,,,,
RA-1661,2024,9,,1,Em fase,10.0,,0.0,,,,,
RA-167,2022,4,Ametista,-2,Moderada,5.0,7.9,9.7,9.2,5.6,,7.833,7.798
RA-167,2023,5,Ametista,-2,Moderada,5.0,7.9,9.9,8.8,5.0,7.96875,7.8375,7.806141667
RA-167,2024,6,Topázio,-1,Moderada,5.0,8.166666666666666,9.473684210666667,8.751,6.26,8.375,8.334,8.033470175466666
RA-168,2022,4,Ágata,-1,Moderada,5.0,5.9,8.3,7.9,6.3,,7.083,6.917
RA-168,2023,5,Ágata,0,Em fase,10.0,4.7,9.6,0.0,6.89,6.5625,6.4225,6.483083333
RA-169,2022,4,Quartzo,-1,Moderada,5.0,3.2,5.1,7.5,6.3,,4.792,5.159
RA-17,2022,7,Topázio,-1,Moderada,5.0,7.8,10.0,8.8,7.5,,8.292,8.068
RA-17,2023,8,,0,Em fase,10.0,,,,,,,
RA-17,2024,8,,0,Em fase,10.0,,0.0,,,,,
RA-170,2022,4,Ágata,0,Em fase,10.0,4.9,9.2,8.3,5.6,,5.792,7.007
RA-170,2023,3,Ametista,-2,Moderada,5.0,7.2,8.9,8.8,2.52,6.875,7.6725,7.062433333
RA-170,2024,4,Ametista,-1,Moderada,5.0,8.0,8.5,9.168,5.635,7.604166667,8.028333333,7.646383333300001
RA-171,2022,4,Ágata,-2,Moderada,5.0,5.5,6.8,7.5,7.5,,6.875,6.581
RA-171,2023,5,Ágata,-2,Moderada,5.0,5.2,7.2,7.5,5.0,7.1875,6.755,6.293083333
RA-171,2024,6,Ametista,-1,Moderada,5.0,8.333333333333334,7.833333333333333,7.5,5.635,7.625,7.598,7.3289333333333335
RA-172,2022,4,Topázio,0,Em fase,10.0,7.3,8.9,9.2,9.4,,8.917,8.673
RA-172,2023,7,,2,Em fase,10.0,,,0.0,3.77,,,
RA-172,2024,7,Topázio,1,Em fase,10.0,6.933333333333334,9.8,8.751,6.57,7.5,7.5,8.128766666666667
RA-173,2022,4,Ametista,-3,Severa,2.5,7.9,9.2,8.3,6.9,,9.25,7.816
RA-173,2023,5,Ametista,-2,Moderada,5.0,8.1,8.5,9.2,6.26,8.125,7.8775,7.757466667
RA-173,2024,8,,0,Em fase,10.0,,0.0,,,,,
RA-174,2022,4,Ágata,-1,Moderada,5.0,4.4,6.2,7.9,7.5,,6.042,6.075
RA-174,2023,4,Ágata,-2,Moderada,5.0,5.1,5.6,7.9,5.0,7.5,7.2125,6.1242
RA-175,2022,4,Ágata,-1,Moderada,5.0,5.9,9.2,8.3,5.6,,5.833,6.75
RA-175,2023,5,Ágata,-1,Moderada,5.0,4.8,9.2,8.8,2.52,7.1875,7.085,6.569516667
RA-175,2024,6,Topázio,-1,Moderada,5.0,8.5,9.473684210666667,10.002,6.26,7.5,7.766,8.024136842133334
RA-176,2022,3,Topázio,0,Em fase,10.0,6.9,9.1,9.6,5.6,,9.083,8.427
RA-176,2023,4,Topázio,0,Em fase,10.0,8.0,9.5,9.6,2.52,8.125,9.0025,8.316833333
RA-176,2024,5,Topázio,1,Em fase,10.0,8.833333333333334,9.545454545333333,9.585,6.26,8.59375,8.545,8.828632575733334
RA-177,2022,3,Ametista,0,Em fase,10.0,6.8,8.8,7.9,4.4,,6.958,7.424
RA-178,2022,3,Ágata,0,Em fase,10.0,6.3,8.8,0.0,4.4,,8.458,7.025
RA-178,2023,4,Ametista,0,Em fase,10.0,5.9,8.7,7.9,2.52,7.65625,8.42,7.406658333
RA-178,2024,5,Ametista,0,Em fase,10.0,4.166666666666667,8.739177489333334,9.585,6.26,7.625,6.53,7.234168831200001
RA-179,2022,3,Ametista,0,Em fase,10.0,6.1,9.2,7.5,7.5,,8.042,7.993
RA-179,2023,3,Topázio,0,Em fase,10.0,6.4,9.4,8.8,7.52,8.59375,8.9225,8.437641667
RA-179,2024,4,Topázio,1,Em fase,10.0,8.166666666666666,9.407894737,9.168,9.38,8.75,8.44,8.932712280733334
RA-18,2022,7,Ametista,-1,Moderada,5.0,9.0,8.7,6.3,6.3,,6.875,7.226
RA-180,2022,3,Topázio,0,Em fase,10.0,8.1,8.3,9.2,6.3,,8.625,8.442
RA-180,2023,4,Topázio,1,Em fase,10.0,8.0,9.4,9.2,2.52,8.4375,8.92,8.283216667
RA-180,2024,5,Topázio,2,Em fase,10.0,8.5,9.431818181666666,9.168,7.51,8.125,8.674,8.801463636333335
RA-181,2022,3,Topázio,0,Em fase,10.0,6.8,9.5,9.2,8.8,,8.458,8.623
RA-181,2023,4,Ametista,0,Em fase,10.0,6.8,8.3,9.6,2.52,7.96875,8.2525,7.671208333
RA-181,2024,5,Ametista,0,Em fase,10.0,4.333333333333333,8.737373737333334,7.5,6.26,7.625,8.436,7.439841414133334
RA-182,2022,3,Ágata,-3,Severa,2.5,4.1,8.0,7.5,7.5,,6.958,6.328
RA-183,2022,3,Ametista,0,Em fase,10.0,3.8,8.8,8.3,7.5,,7.25,7.3
RA-183,2023,3,Ametista,-1,Moderada,5.0,7.7,9.7,7.9,2.52,7.96875,8.795,7.586241667
RA-183,2024,4,Topázio,0,Em fase,10.0,7.5,9.249011857666666,7.917,6.26,8.25,8.372,8.266902371533334
RA-184,2022,3,Ametista,-3,Severa,2.5,7.2,7.7,8.8,7.5,,8.0,7.28
RA-184,2023,4,Topázio,1,Em fase,10.0,7.1,9.5,7.9,7.52,8.59375,8.5025,8.430241667
RA-184,2024,5,Topázio,1,Em fase,10.0,8.166666666666666,8.696741854666667,8.751,6.26,7.96875,9.004,8.471456704266666
RA-185,2022,3,Ágata,-2,Moderada,5.0,4.5,7.7,7.9,7.5,,6.875,6.615
RA-186,2022,3,Ametista,0,Em fase,10.0,6.6,8.5,8.3,7.5,,7.5,7.832
RA-186,2023,4,Ametista,0,Em fase,10.0,6.9,9.7,7.5,2.52,7.96875,8.46,7.817541667
RA-186,2024,5,Topázio,1,Em fase,10.0,7.166666666666667,9.640151515,7.917,6.26,8.125,8.672,8.325963636333334
RA-187,2022,3,Ametista,0,Em fase,10.0,5.8,8.9,8.8,7.5,,7.917,7.928
RA-187,2023,3,Ametista,0,Em fase,10.0,6.9,9.9,7.5,2.52,7.96875,8.255,7.809875
RA-187,2024,4,Topázio,0,Em fase,10.0,7.833333333333333,9.537037037,8.751,5.635,8.4375,9.06,8.568424074066666
RA-188,2022,3,Quartzo,-1,Moderada,5.0,2.7,6.1,0.0,7.5,,7.583,5.307
RA-189,2022,3,Ametista,-1,Moderada,5.0,7.2,9.7,10.0,5.0,,7.333,7.629
RA-189,2023,4,Ametista,0,Em fase,10.0,6.5,9.4,7.9,2.52,8.28125,8.3775,7.727325
RA-189,2024,5,Topázio,0,Em fase,10.0,8.166666666666666,10.0,10.002,6.255,6.875,8.2,8.586533333333334
RA-19,2022,7,Ametista,-1,Moderada,5.0,8.0,9.5,7.9,7.5,,7.0,7.665
RA-19,2023,7,Ametista,-1,Moderada,5.0,7.8,9.4,7.9,5.63,7.75,8.1725,7.710866667
RA-19,2024,8,,0,Em fase,10.0,,0.0,,,,,
RA-190,2022,3,Ametista,0,Em fase,10.0,6.3,6.9,6.7,8.8,,7.25,7.335
RA-190,2023,3,Ágata,-1,Moderada,5.0,5.7,9.5,7.9,2.52,7.65625,7.9575,6.934158333
RA-191,2022,3,Topázio,0,Em fase,10.0,7.2,9.4,10.0,8.8,,8.5,8.74
RA-191,2023,4,Ametista,0,Em fase,10.0,7.8,9.7,0.0,2.52,8.125,8.4625,7.263666667
RA-191,2024,7,Ametista,2,Em fase,10.0,6.3999999999999995,9.571,7.5,5.945,7.5,7.5,7.7887
RA-192,2022,3,Quartzo,-2,Moderada,5.0,2.7,3.6,8.8,7.5,,4.708,4.932
RA-192,2023,4,Ágata,-2,Moderada,5.0,6.5,6.2,8.8,5.0,7.1875,7.3775,6.616016667
RA-192,2024,5,Ágata,-2,Moderada,5.0,7.166666666666667,6.363636363666667,8.334,7.51,7.125,6.9,6.882960606066668
RA-193,2022,3,Topázio,0,Em fase,10.0,6.7,8.9,9.2,5.6,,8.5,8.155
RA-193,2023,4,Ametista,1,Em fase,10.0,6.5,9.4,8.3,2.52,8.125,8.17,7.718566667
RA-193,2024,5,Topázio,1,Em fase,10.0,7.0,9.848484848333333,8.751,6.26,8.4375,8.7525,8.465046969666668
RA-194,2022,3,Quartzo,-1,Moderada,5.0,3.2,6.2,0.0,5.0,,3.75,4.265
RA-195,2022,3,Ametista,0,Em fase,10.0,6.3,9.2,8.8,5.0,,8.25,8.017
RA-195,2023,4,Ametista,0,Em fase,10.0,6.0,9.2,7.1,2.52,8.4375,8.79,7.60205
RA-195,2024,5,Topázio,1,Em fase,10.0,7.833333333333333,9.682539682666667,7.5,6.26,7.96875,8.965,8.4690496032
RA-196,2022,3,Topázio,0,Em fase,10.0,5.1,9.1,9.2,7.5,,8.625,8.124
RA-196,2023,4,Ametista,1,Em fase,10.0,6.2,9.0,7.9,2.52,8.28125,8.2125,7.560991667
RA-196,2024,5,Topázio,1,Em fase,10.0,8.0,9.689754689666666,8.751,7.51,8.75,8.9225,8.823550937933334
RA-197,2022,3,Topázio,0,Em fase,10.0,7.3,9.7,8.8,4.4,,8.292,8.218
RA-197,2023,4,Ametista,1,Em fase,10.0,7.2,9.8,8.3,2.52,7.96875,8.46,7.967608333
RA-197,2024,5,Topázio,0,Em fase,10.0,8.333333333333334,9.848484848333333,7.5,6.26,7.96875,8.795,8.568238636333334
RA-198,2022,3,Quartzo,0,Em fase,10.0,4.6,6.2,0.0,5.0,,5.958,5.554
RA-199,2022,3,Ametista,0,Em fase,10.0,7.5,7.1,8.3,7.5,,6.458,7.564
RA-199,2023,3,Ametista,-1,Moderada,5.0,8.5,7.6,9.2,7.51,7.96875,8.505,7.892341667
RA-199,2024,4,Ametista,-1,Moderada,5.0,7.166666666666667,7.554824561666667,8.334,6.88,8.125,8.206,7.419398245666667
RA-2,2022,7,Ametista,0,Em fase,10.0,6.8,5.2,8.8,6.3,,6.778,7.055
RA-2,2023,8,,0,Em fase,10.0,,,,,,,
RA-2,2024,8,,0,Em fase,10.0,,0.0,,,,,
RA-20,2022,7,Ametista,-1,Moderada,5.0,7.8,10.0,7.1,6.3,,7.167,7.535
RA-200,2022,3,Quartzo,-2,Moderada,5.0,5.5,5.6,7.9,4.4,,4.917,5.705
RA-200,2023,4,Quartzo,-2,Moderada,5.0,4.3,4.5,9.6,2.52,7.5,7.17,5.661166667
RA-201,2022,3,Ametista,-2,Moderada,5.0,6.5,7.3,7.9,7.5,,7.542,7.078
RA-202,2022,3,Quartzo,-1,Moderada,5.0,5.4,5.2,0.0,4.4,,6.917,5.201
RA-202,2023,4,Ágata,-1,Moderada,5.0,5.9,7.9,8.8,2.52,7.96875,8.005,6.791641667
RA-202,2024,5,Ametista,-1,Moderada,5.0,7.5,7.880952381,8.334,6.26,7.65625,7.75,7.3512154762
RA-203,2022,3,Quartzo,-1,Moderada,5.0,2.8,4.3,8.8,7.5,,6.875,5.669
RA-204,2022,3,Ágata,0,Em fase,10.0,7.4,6.7,7.9,4.4,,5.708,6.943
RA-204,2023,4,Ametista,0,Em fase,10.0,7.1,7.9,8.8,2.52,8.28125,8.045,7.557558333
RA-204,2024,4,Ametista,0,Em fase,10.0,7.5,6.827094474333333,9.168,6.26,7.125,8.5875,7.838218894866668
RA-205,2022,3,Quartzo,-1,Moderada,5.0,4.1,3.8,9.6,7.5,,4.833,5.372
RA-205,2023,4,Ágata,-1,Moderada,5.0,6.6,7.6,9.6,4.38,7.03125,7.09,6.857625
RA-206,2022,3,Ametista,0,Em fase,10.0,5.0,8.8,8.3,7.5,,5.167,7.101
RA-207,2022,3,Quartzo,-3,Severa,2.5,5.8,4.8,0.0,7.5,,5.708,4.936
RA-208,2022,3,Ágata,-1,Moderada,5.0,6.1,7.1,7.5,7.5,,6.417,6.667
RA-209,2022,3,Quartzo,-1,Moderada,5.0,6.0,4.8,0.0,5.6,,3.75,4.499
RA-21,2022,7,Ágata,-1,Moderada,5.0,3.8,9.2,9.6,7.5,,7.25,6.945
RA-21,2023,8,,0,Em fase,10.0,,,,,,,
RA-21,2024,8,,0,Em fase,10.0,,0.0,,,,,
RA-210,2022,3,Quartzo,-1,Moderada,5.0,3.4,5.1,0.0,7.5,,4.417,4.44
RA-211,2022,3,Topázio,0,Em fase,10.0,7.6,8.8,9.2,7.5,,8.458,8.465
RA-211,2023,4,Topázio,0,Em fase,10.0,7.1,9.4,9.6,2.52,7.65625,8.71,8.024791667
RA-211,2024,5,Topázio,0,Em fase,10.0,7.0,9.379509379666667,9.585,7.51,7.25,7.866,8.283601875933334
RA-212,2022,3,Ametista,-1,Moderada,5.0,6.2,8.4,9.6,7.5,,6.958,7.268
RA-213,2022,3,Ametista,0,Em fase,10.0,3.5,8.7,9.6,7.5,,6.833,7.209
RA-214,2022,3,Quartzo,-2,Moderada,5.0,4.3,6.1,0.0,7.5,,5.125,4.87
RA-215,2022,3,Ametista,0,Em fase,10.0,7.8,5.8,6.7,7.5,,6.542,7.172
RA-215,2023,4,Ametista,0,Em fase,10.0,6.9,6.6,8.8,2.52,7.96875,7.7125,7.166475
RA-215,2024,5,Ametista,0,Em fase,10.0,5.666666666666667,6.455627705333334,7.084,6.26,8.0,7.432,7.045258874400002
RA-216,2022,3,Ametista,0,Em fase,10.0,7.0,8.5,7.9,7.5,,5.583,7.502
RA-217,2022,3,Ametista,-2,Moderada,5.0,7.1,8.5,7.9,7.5,,7.292,7.397
RA-217,2023,4,Ágata,-1,Moderada,5.0,5.6,8.6,8.3,2.52,8.4375,8.5025,6.96965
RA-217,2024,5,Ametista,-1,Moderada,5.0,7.833333333333333,8.917748917666666,8.334,6.26,7.125,6.994,7.4209164502
RA-218,2022,3,Ágata,-1,Moderada,5.0,4.0,7.3,6.3,7.5,,6.125,6.1
RA-218,2023,4,Quartzo,-1,Moderada,5.0,6.7,6.7,0.0,2.52,7.96875,7.88,5.811541667
RA-219,2022,3,Quartzo,-3,Severa,2.5,3.5,6.9,8.8,7.5,,6.375,5.942
RA-22,2022,6,Ametista,-1,Moderada,5.0,6.7,7.4,8.3,8.1,,8.833,7.474
RA-220,2022,3,Ágata,0,Em fase,10.0,6.5,8.1,0.0,7.5,,7.833,7.028
RA-220,2023,4,Ametista,0,Em fase,10.0,6.1,7.6,8.8,2.52,7.1875,7.5475,7.102016667
RA-220,2024,5,Ametista,0,Em fase,10.0,6.833333333333333,8.198051948,8.751,6.26,7.25,7.332,7.6987770562666675
RA-221,2022,3,Ágata,-1,Moderada,5.0,5.2,8.5,9.6,7.5,,6.0,6.892
RA-221,2023,3,Ágata,-2,Moderada,5.0,5.0,9.0,9.6,5.0,7.1875,7.38,6.959916667
RA-222,2022,3,Quartzo,-2,Moderada,5.0,6.2,4.6,7.1,7.5,,4.917,5.604
RA-223,2022,3,Quartzo,0,Em fase,10.0,3.1,4.6,0.0,7.5,,5.583,4.966
RA-223,2023,3,Quartzo,-1,Moderada,5.0,3.8,4.5,0.0,7.52,7.5,7.1725,5.089833333
RA-224,2022,3,Quartzo,0,Em fase,10.0,2.6,4.3,9.6,7.5,,4.875,5.671
RA-225,2022,3,Quartzo,-1,Moderada,5.0,5.0,5.3,8.3,7.5,,5.708,5.918
RA-226,2022,3,Ágata,-1,Moderada,5.0,6.8,6.1,7.5,7.5,,6.208,6.549
RA-227,2022,3,Ágata,0,Em fase,10.0,3.3,6.4,9.2,7.5,,5.833,6.471
RA-227,2023,3,Ametista,0,Em fase,10.0,6.9,7.5,9.6,5.63,8.28125,7.4625,7.722125
RA-227,2024,3,Topázio,0,Em fase,10.0,6.5,8.097577276666668,9.585,9.38,7.5,7.54,8.074015455333335
RA-228,2022,3,Ágata,-2,Moderada,5.0,4.8,6.7,7.5,7.5,,6.417,6.196
RA-229,2022,3,Topázio,0,Em fase,10.0,6.9,9.4,10.0,7.5,,8.5,8.62
RA-229,2023,4,Topázio,1,Em fase,10.0,7.8,9.8,9.2,2.52,8.28125,8.42,8.207591667
RA-229,2024,5,Topázio,1,Em fase,10.0,8.833333333333334,9.841269841333334,9.585,5.635,8.28125,8.8375,8.852545634933334
RA-23,2022,6,Ametista,-1,Moderada,5.0,6.7,8.2,8.3,8.1,,8.556,7.677
RA-23,2023,8,,1,Em fase,10.0,,,,,,,
RA-23,2024,8,,0,Em fase,10.0,,0.0,,,,,
RA-230,2022,3,Ágata,-1,Moderada,5.0,5.7,5.1,7.9,7.5,,6.75,6.328
RA-231,2022,3,Ágata,-1,Moderada,5.0,3.8,7.4,8.8,7.5,,5.333,6.116
RA-232,2022,3,Quartzo,0,Em fase,10.0,0.0,4.9,0.0,7.5,,4.542,4.245
RA-233,2022,3,Ágata,-1,Moderada,5.0,3.8,7.4,7.9,7.5,,5.5,6.051
RA-234,2022,3,Ágata,0,Em fase,10.0,4.3,7.6,10.0,5.6,,5.583,6.719
RA-234,2023,3,Ágata,0,Em fase,10.0,5.6,8.0,6.7,2.52,4.84375,5.595,6.248741667
RA-235,2022,3,Ágata,-1,Moderada,5.0,6.3,7.3,8.3,7.5,,6.417,6.79
RA-236,2022,3,Ametista,0,Em fase,10.0,3.7,7.5,9.6,7.5,,7.208,7.11
RA-236,2023,3,Ametista,0,Em fase,10.0,4.5,7.5,10.0,7.52,7.1875,7.2975,7.337116667
RA-236,2024,4,Ágata,0,Em fase,10.0,4.5,7.890668700666666,9.168,6.26,6.875,6.362,6.980833740133334
RA-237,2022,3,Topázio,-1,Moderada,5.0,7.8,9.0,10.0,7.5,,8.417,8.084
RA-237,2023,4,Ametista,-1,Moderada,5.0,6.7,9.5,8.3,2.52,8.125,8.96,7.436566667
RA-237,2024,5,Ametista,-1,Moderada,5.0,7.666666666666667,9.689754689666666,8.751,6.26,7.916666667,8.336666667,7.931384271366667
RA-238,2022,3,Ágata,-1,Moderada,5.0,5.1,6.4,8.8,5.0,,7.208,6.331
RA-239,2022,3,Quartzo,-2,Moderada,5.0,3.7,3.7,0.0,7.5,,5.958,4.572
RA-239,2023,4,Ágata,-2,Moderada,5.0,7.0,8.4,0.0,5.0,8.125,7.6275,6.411333333
RA-239,2024,4,Ágata,-3,Severa,2.5,6.666666666666667,6.361737677333333,8.751,5.635,7.875,8.502,6.782180868800001
RA-24,2022,6,Topázio,-1,Moderada,5.0,8.6,7.9,9.2,6.9,,9.111,8.087
RA-240,2022,3,Ágata,0,Em fase,10.0,4.7,8.1,7.1,5.0,,7.042,6.943
RA-240,2023,4,Ágata,0,Em fase,10.0,4.8,6.7,7.1,2.52,6.875,6.9175,6.337966667
RA-241,2022,3,Topázio,-1,Moderada,5.0,7.7,10.0,10.0,7.5,,9.125,8.468
RA-241,2023,4,Ametista,-1,Moderada,5.0,7.5,9.9,0.0,2.52,8.75,9.545,7.016
RA-241,2024,7,Topázio,2,Em fase,10.0,6.816666666666667,9.891666667,10.002,7.1975,7.5,7.5,8.311616666733334
RA-242,2022,3,Topázio,0,Em fase,10.0,8.2,9.7,9.6,5.6,,8.708,8.673
RA-242,2023,4,Topázio,0,Em fase,10.0,7.9,9.7,7.1,2.52,8.59375,9.3775,8.221841667
RA-242,2024,7,Topázio,2,Em fase,10.0,7.650000000000001,9.621,9.585,6.26,7.5,7.5,8.2887
RA-243,2022,3,Ágata,-2,Moderada,5.0,6.0,8.7,7.1,5.0,,7.875,6.982
RA-244,2022,3,Topázio,0,Em fase,10.0,7.8,9.4,7.5,6.3,,9.208,8.51
RA-244,2023,4,Ametista,1,Em fase,10.0,7.3,8.8,0.0,2.52,8.125,8.8325,7.044333333
RA-244,2024,5,Topázio,1,Em fase,10.0,9.5,10.0,7.5,6.26,8.125,8.17,8.7225
RA-245,2022,3,Topázio,-1,Moderada,5.0,8.4,9.9,10.0,7.5,,9.25,8.656
RA-245,2023,4,Ametista,-1,Moderada,5.0,8.1,10.0,0.0,2.52,8.75,9.5875,7.171166667
RA-245,2024,7,Topázio,2,Em fase,10.0,8.033333333333333,9.953333333,9.168,6.885,7.5,7.5,8.452633333266668
RA-246,2022,3,Topázio,0,Em fase,10.0,7.6,9.4,8.3,7.5,,9.167,8.639
RA-246,2023,4,Topázio,0,Em fase,10.0,6.8,9.9,8.8,4.39,8.125,8.9175,8.256766667
RA-246,2024,7,Quartzo,2,Em fase,10.0,0.0,0.0,8.334,6.57,7.5,7.5,4.7404
RA-247,2022,3,Ametista,0,Em fase,10.0,5.8,8.2,8.3,7.5,,7.875,7.72
RA-247,2023,3,Ametista,0,Em fase,10.0,7.2,8.5,0.0,7.52,8.28125,7.5425,7.221958333
RA-247,2024,4,Ágata,0,Em fase,10.0,4.333333333333333,8.306595365666666,0.0,6.26,7.75,8.5875,6.646485739800001
RA-248,2022,3,Ametista,0,Em fase,10.0,5.2,7.6,9.2,7.5,,7.292,7.429
RA-249,2022,3,Quartzo,-1,Moderada,5.0,2.9,7.4,6.7,5.0,,4.292,5.097
RA-249,2023,3,Quartzo,-2,Moderada,5.0,4.9,8.2,0.0,5.0,5.15625,6.545,5.444625
RA-249,2024,4,Ágata,-2,Moderada,5.0,5.0,6.645021645,7.083,5.0,6.75,7.064,6.125104328999999
RA-25,2022,6,Ametista,-1,Moderada,5.0,6.9,8.3,8.3,8.8,,9.667,7.979
RA-25,2023,8,,0,Em fase,10.0,,,,,,,
RA-25,2024,8,,0,Em fase,10.0,,0.0,,,,,
RA-250,2022,3,Ametista,0,Em fase,10.0,6.6,8.6,8.3,7.5,,7.625,7.958
RA-250,2023,3,Ametista,0,Em fase,10.0,8.3,9.3,0.0,5.63,7.96875,8.625,7.598208333
RA-250,2024,4,Topázio,0,Em fase,10.0,9.166666666666666,9.629629629666667,9.168,6.88,8.958333333,8.95,9.049892592566668
RA-251,2022,3,Ágata,-2,Moderada,5.0,6.3,8.1,10.0,5.6,,6.625,7.022
RA-251,2023,4,Ágata,-1,Moderada,5.0,5.3,8.0,9.6,2.52,7.34375,7.835,6.665208333
RA-251,2024,5,Ágata,-1,Moderada,5.0,4.5,8.612836439,8.751,5.63,6.875,7.326666667,6.7135006212
RA-252,2022,3,Quartzo,-1,Moderada,5.0,0.9,2.8,9.2,7.5,,3.875,4.277
RA-253,2022,3,Quartzo,-2,Moderada,5.0,1.8,3.6,9.2,5.0,,3.75,4.312
RA-254,2022,3,Ágata,-1,Moderada,5.0,5.3,7.4,10.0,5.6,,6.917,6.715
RA-254,2023,4,,-1,Moderada,5.0,5.9,8.8,9.6,,7.8125,7.71,
RA-255,2022,3,Quartzo,-1,Moderada,5.0,1.3,3.8,7.5,5.0,,5.542,4.563
RA-256,2022,3,Ametista,0,Em fase,10.0,5.2,8.5,8.8,5.0,,6.708,7.192
RA-257,2022,3,Quartzo,-1,Moderada,5.0,3.6,6.4,0.0,5.6,,6.708,5.149
RA-258,2022,3,Ágata,0,Em fase,10.0,4.8,7.3,10.0,5.6,,6.125,6.926
RA-258,2024,3,Ágata,0,Em fase,10.0,2.5,6.944444444333333,7.084,7.51,7.34375,6.732,6.429063888866667
RA-259,2022,3,Quartzo,-3,Severa,2.5,0.9,2.9,8.8,7.5,,4.625,4.182
RA-26,2022,6,Topázio,-1,Moderada,5.0,8.0,8.8,9.6,10.0,,10.0,8.677
RA-26,2023,7,,-1,Moderada,5.0,,,0.0,7.52,,,
RA-26,2024,8,,0,Em fase,10.0,,0.0,,,,,
RA-260,2022,3,Ametista,0,Em fase,10.0,5.0,8.2,10.0,7.5,,6.458,7.44
RA-260,2023,3,Topázio,0,Em fase,10.0,6.1,9.9,9.2,7.52,7.34375,7.4175,8.080008333
RA-260,2024,4,Topázio,0,Em fase,10.0,7.0,9.674603174666666,8.751,7.51,7.875,8.502,8.448920634933334
RA-261,2022,3,Ágata,-1,Moderada,5.0,5.8,7.2,8.8,5.6,,7.042,6.763
RA-262,2022,3,Quartzo,-2,Moderada,5.0,3.4,5.8,0.0,5.6,,5.625,4.786
RA-262,2023,4,Quartzo,-2,Moderada,5.0,3.8,3.7,0.0,5.0,7.03125,6.05,4.406458333
RA-262,2024,4,Quartzo,-2,Moderada,5.0,4.166666666666667,4.854560643666667,7.917,7.51,7.0,6.296,5.806145462066667
RA-263,2022,3,Quartzo,-2,Moderada,5.0,3.7,5.6,5.8,7.5,,4.417,5.319
RA-264,2022,3,Ametista,-2,Moderada,5.0,5.8,9.2,10.0,5.6,,6.625,7.087
RA-265,2022,3,Ametista,0,Em fase,10.0,6.9,7.7,8.3,7.5,,7.917,7.926
RA-265,2023,4,,0,Em fase,10.0,7.0,8.7,8.3,,7.96875,7.88,
RA-266,2022,3,Quartzo,-3,Severa,2.5,6.0,5.8,7.5,5.6,,6.583,5.987
RA-267,2022,3,Ágata,-2,Moderada,5.0,3.3,7.4,10.0,5.0,,6.292,6.012
RA-267,2023,4,,-2,Moderada,5.0,2.7,7.7,7.9,,4.6875,6.505,
RA-267,2024,5,Quartzo,-2,Moderada,5.0,2.0,8.285533910333333,10.002,6.26,4.583333333,6.273333333,5.8963067819666675
RA-268,2022,3,Ágata,-1,Moderada,5.0,5.7,6.7,9.2,6.3,,7.208,6.695
RA-269,2022,3,Topázio,0,Em fase,10.0,8.9,8.6,9.2,6.3,,7.25,8.231
RA-269,2023,4,Topázio,0,Em fase,10.0,7.4,9.0,9.6,2.52,8.59375,8.7975,8.116041667
RA-269,2024,7,Topázio,2,Em fase,10.0,8.200000000000001,9.6,9.168,7.505,7.5,7.5,8.4773
RA-27,2022,6,Ametista,-1,Moderada,5.0,8.0,7.6,0.0,8.1,,9.111,7.124
RA-27,2023,7,Ametista,0,Em fase,10.0,6.9,7.7,6.7,6.89,8.625,8.8825,7.921266667
RA-27,2024,8,,0,Em fase,10.0,,0.0,,,,,
RA-270,2022,3,Topázio,0,Em fase,10.0,7.9,8.4,8.3,6.9,,8.125,8.226
RA-270,2023,4,Ametista,0,Em fase,10.0,6.6,9.0,9.2,2.52,8.75,9.1275,7.982633333
RA-270,2024,7,Quartzo,2,Em fase,10.0,0.0,0.0,9.168,6.2575,7.5,7.5,4.79255
RA-271,2022,3,Ametista,-2,Moderada,5.0,7.1,8.5,9.2,5.6,,6.958,7.255
RA-271,2023,4,Ágata,-2,Moderada,5.0,5.9,9.3,0.0,2.52,8.125,7.7125,6.140333333
RA-271,2024,5,Ametista,-1,Moderada,5.0,7.333333333333333,8.958333333333334,9.168,6.26,7.5,6.7475,7.400633333333334
RA-272,2022,3,Ágata,-1,Moderada,5.0,5.1,5.7,9.2,7.5,,6.417,6.361
RA-273,2022,3,Quartzo,-1,Moderada,5.0,3.0,5.3,9.2,7.5,,5.833,5.679
RA-273,2023,3,Ágata,-1,Moderada,5.0,5.0,7.4,7.9,2.52,7.8125,7.6275,6.337116667
RA-273,2024,4,Ágata,-1,Moderada,5.0,4.5,7.323153899,9.168,6.26,8.125,6.896,6.5991307798
RA-274,2022,3,Ametista,1,Em fase,10.0,8.1,8.3,7.9,7.5,,7.0,7.946
RA-274,2023,4,Topázio,1,Em fase,10.0,7.5,9.5,7.5,5.63,7.65625,8.295,8.137625
RA-274,2024,5,Topázio,2,Em fase,10.0,9.333333333333334,9.648148147999999,8.334,5.635,8.125,8.226666667,8.651029629666667
RA-275,2022,3,Ágata,-2,Moderada,5.0,4.6,6.9,9.6,7.5,,6.667,6.665
RA-276,2022,3,Quartzo,-1,Moderada,5.0,4.3,5.7,7.1,5.6,,5.125,5.527
RA-276,2023,4,Ágata,0,Em fase,10.0,5.5,8.5,6.3,2.52,7.03125,6.585,6.690458333
RA-277,2022,3,Ametista,-1,Moderada,5.0,7.4,8.8,7.1,7.5,,7.208,7.411
RA-277,2023,4,Ametista,-1,Moderada,5.0,5.5,9.9,8.3,7.52,8.125,8.7525,7.7284
RA-277,2024,7,Topázio,2,Em fase,10.0,6.8999999999999995,9.741666667,8.334,6.5725,7.5,7.5,8.0689833334
RA-278,2022,3,Ametista,0,Em fase,10.0,6.0,9.2,8.8,5.6,,7.417,7.741
RA-278,2023,4,Ametista,1,Em fase,10.0,5.6,9.8,0.0,5.63,8.75,8.3775,7.1935
RA-278,2024,5,Topázio,1,Em fase,10.0,9.333333333333334,9.855072463666666,9.168,7.51,8.125,7.946666667,8.907314492800001
RA-279,2022,3,Topázio,0,Em fase,10.0,9.1,9.9,9.2,6.3,,8.208,8.815
RA-279,2023,4,Topázio,0,Em fase,10.0,8.9,10.0,8.8,6.27,8.75,9.2125,9.006266667
RA-279,2024,5,Topázio,1,Em fase,10.0,9.333333333333334,10.0,9.168,7.51,8.333333333,8.726666667,9.113133333366667
RA-28,2022,6,Ágata,-1,Moderada,5.0,5.0,6.1,7.9,7.5,,6.333,6.242
RA-280,2022,3,Ametista,0,Em fase,10.0,7.1,9.2,7.5,7.5,,7.333,8.046
RA-280,2023,4,Topázio,0,Em fase,10.0,6.5,9.5,6.7,7.52,8.28125,8.7125,8.189225
RA-280,2024,5,Topázio,1,Em fase,10.0,9.333333333333334,9.855072463666666,7.917,6.26,8.333333333,8.67,8.822714492700001
RA-281,2022,3,Ágata,0,Em fase,10.0,5.9,6.9,6.7,7.5,,5.625,6.806
RA-282,2022,3,Ágata,0,Em fase,10.0,4.0,6.8,8.8,7.5,,5.625,6.618
RA-283,2022,3,Ametista,-1,Moderada,5.0,5.6,8.8,9.6,7.5,,6.625,7.131
RA-283,2023,3,Ametista,-2,Moderada,5.0,6.8,9.5,8.3,7.52,7.03125,7.5025,7.549025
RA-283,2024,4,Ametista,-2,Moderada,5.0,8.0,9.761904762,8.751,6.885,7.8125,7.736,7.9444309524
RA-284,2022,3,Quartzo,0,Em fase,10.0,3.8,5.1,6.7,5.6,,5.958,5.939
RA-285,2022,3,Quartzo,-3,Severa,2.5,2.8,4.1,9.2,7.5,,5.75,5.063
RA-285,2023,4,Quartzo,-3,Severa,2.5,4.7,4.6,8.3,2.52,7.65625,7.13,5.380358333
RA-286,2022,3,Quartzo,-2,Moderada,5.0,3.0,5.8,7.1,6.3,,5.625,5.424
RA-286,2023,4,Quartzo,-1,Moderada,5.0,4.7,7.5,0.0,5.0,8.125,7.3375,5.713333333
RA-286,2024,5,Quartzo,-1,Moderada,5.0,3.1666666666666665,4.031862745000001,6.666,6.26,7.34375,5.7825,5.123180882333333
RA-287,2022,3,Quartzo,-4,Severa,2.5,1.1,3.4,7.9,5.0,,4.292,3.7
RA-287,2023,4,Quartzo,-4,Severa,2.5,3.9,4.8,0.0,2.52,4.21875,5.375,3.745541667
RA-288,2022,3,Quartzo,-3,Severa,2.5,0.0,5.6,0.0,6.3,,6.833,4.097
RA-289,2022,3,Ágata,-1,Moderada,5.0,6.8,7.8,0.0,6.3,,7.25,6.236
RA-29,2022,6,Quartzo,-1,Moderada,5.0,3.7,4.0,0.0,8.8,,7.611,4.985
RA-29,2023,8,,0,Em fase,10.0,,,,,,,
RA-29,2024,8,,0,Em fase,10.0,,0.0,,,,,
RA-290,2022,3,Quartzo,-4,Severa,2.5,1.7,3.9,10.0,6.3,,6.042,4.929
RA-291,2022,3,Topázio,0,Em fase,10.0,8.0,8.2,8.3,6.9,,7.792,8.122
RA-291,2023,4,Topázio,0,Em fase,10.0,7.1,8.6,8.8,7.52,8.90625,9.21,8.493058333
RA-291,2024,7,Ametista,2,Em fase,10.0,6.166666666666667,9.737666667,8.751,6.26,7.5,7.5,7.9319666667333335
RA-292,2022,3,Quartzo,-3,Severa,2.5,1.8,3.7,7.9,7.5,,6.292,4.837
RA-293,2022,3,Quartzo,0,Em fase,10.0,2.3,2.9,8.8,7.5,,3.333,4.875
RA-294,2022,3,Quartzo,-5,Severa,2.5,0.0,5.8,9.6,7.5,,5.917,5.031
RA-295,2022,3,Ametista,-1,Moderada,5.0,6.9,8.0,7.9,7.5,,7.375,7.305
RA-295,2023,4,Ametista,-1,Moderada,5.0,7.7,8.8,8.8,2.52,9.0625,9.005,7.641016667
RA-296,2022,3,Quartzo,-2,Moderada,5.0,2.8,3.6,8.8,7.5,,3.833,4.665
RA-297,2022,3,Ametista,0,Em fase,10.0,6.6,7.9,7.1,6.3,,7.417,7.478
RA-298,2022,3,Ágata,0,Em fase,10.0,5.2,6.3,9.2,5.6,,5.417,6.409
RA-298,2023,3,Ágata,-1,Moderada,5.0,5.5,8.6,9.6,2.52,7.5,7.7525,6.824333333
RA-299,2022,3,Ametista,0,Em fase,10.0,6.8,8.2,7.1,5.0,,6.708,7.278
RA-299,2023,4,Ágata,0,Em fase,10.0,6.1,9.6,0.0,2.52,7.96875,8.005,6.796541667
RA-299,2024,5,Topázio,1,Em fase,10.0,8.166666666666666,8.963768115999999,8.751,6.26,7.5,7.5,8.177186956533333
RA-3,2022,7,Ágata,0,Em fase,10.0,5.6,7.9,0.0,5.6,,7.556,6.591
RA-30,2022,6,Ametista,0,Em fase,10.0,7.5,6.4,8.8,7.5,,7.333,7.605
RA-300,2022,3,Quartzo,-1,Moderada,5.0,3.1,6.9,5.4,6.3,,5.875,5.557
RA-300,2023,3,Quartzo,-2,Moderada,5.0,4.5,7.5,5.0,2.52,6.40625,6.5875,5.616691667
RA-301,2022,3,Ágata,0,Em fase,10.0,6.3,5.8,8.8,5.6,,6.042,6.802
RA-301,2023,4,Ágata,0,Em fase,10.0,5.2,5.4,9.2,7.52,6.71875,6.465,6.760341667
RA-301,2024,4,Topázio,0,Em fase,10.0,9.0,7.4947368423333325,9.168,7.51,8.020833333,8.21,8.410830701766667
RA-302,2022,3,Ágata,-3,Severa,2.5,4.8,7.7,9.2,6.9,,6.208,6.334
RA-302,2023,5,Quartzo,-2,Moderada,5.0,4.3,7.3,0.0,5.0,7.5,6.255,5.314333333
RA-303,2022,3,Ágata,-1,Moderada,5.0,3.9,7.2,7.5,7.5,,5.375,6.03
RA-303,2023,3,Quartzo,-2,Moderada,5.0,5.1,7.3,0.0,7.52,7.65625,7.05,5.914291667
RA-303,2024,4,Ágata,-2,Moderada,5.0,5.666666666666667,3.9520467836666664,8.751,7.51,6.875,7.535,6.2443426900666665
RA-304,2022,3,Ágata,-2,Moderada,5.0,4.3,7.7,8.8,7.5,,5.542,6.355
RA-304,2023,3,Ágata,-2,Moderada,5.0,5.7,8.8,0.0,5.0,7.8125,7.835,6.241583333
RA-304,2024,3,Ágata,-3,Severa,2.5,7.166666666666667,7.826890756333333,10.002,7.51,6.875,5.825,6.852411484600001
RA-305,2022,3,Ágata,-1,Moderada,5.0,4.8,6.6,7.9,7.5,,5.208,6.058
RA-305,2023,3,Ágata,-2,Moderada,5.0,5.2,8.9,0.0,7.52,7.65625,7.75,6.394291667
RA-305,2024,4,Ágata,-1,Moderada,5.0,4.833333333333333,7.898550724666666,8.334,6.26,7.8125,7.03,6.693026811600001
RA-306,2022,3,Ágata,-1,Moderada,5.0,5.2,6.8,8.3,7.5,,5.958,6.427
RA-306,2023,4,Quartzo,-1,Moderada,5.0,4.0,7.9,0.0,6.26,7.34375,7.46,5.732375
RA-306,2024,5,Ágata,-1,Moderada,5.0,2.8333333333333335,7.699561403666666,7.917,7.51,7.34375,6.4125,6.1661539474
RA-307,2022,3,Quartzo,-1,Moderada,5.0,2.5,4.5,5.4,7.5,,4.708,4.733
RA-307,2023,3,Ágata,-2,Moderada,5.0,6.3,6.5,0.0,7.52,7.5,7.46,6.047333333
RA-308,2022,3,Ágata,0,Em fase,10.0,5.0,7.4,7.9,6.9,,6.167,6.93
RA-308,2023,4,Ágata,0,Em fase,10.0,4.9,6.8,5.4,5.0,7.03125,7.5025,6.578558333
RA-308,2024,5,Ametista,1,Em fase,10.0,6.5,8.714912280666667,7.083,5.635,7.5,7.1225,7.489282456133334
RA-309,2022,3,Ágata,-1,Moderada,5.0,6.5,5.2,9.2,7.5,,5.083,6.151
RA-31,2022,6,Topázio,-1,Moderada,5.0,8.0,9.5,10.0,9.4,,10.0,8.843
RA-31,2023,8,,0,Em fase,10.0,,,,,,,
RA-31,2024,8,,0,Em fase,10.0,,0.0,,,,,
RA-310,2022,3,Ágata,-2,Moderada,5.0,4.5,7.5,7.9,7.5,,6.0,6.4
RA-311,2022,3,Quartzo,-3,Severa,2.5,5.2,5.6,7.9,5.0,,6.222,5.652
RA-312,2022,3,Ametista,0,Em fase,10.0,5.2,8.1,9.6,7.5,,6.167,7.339
RA-313,2022,3,Quartzo,-1,Moderada,5.0,4.1,7.0,7.5,5.0,,5.889,5.8
RA-313,2023,4,Ametista,0,Em fase,10.0,3.9,8.7,9.2,2.52,7.65625,7.75,7.011091667
RA-313,2024,4,Ametista,-1,Moderada,5.0,4.833333333333333,9.666666666666666,8.751,5.63,7.8125,8.1675,7.2528500000000005
RA-314,2022,3,Ágata,0,Em fase,10.0,5.3,5.4,5.4,5.0,,6.0,6.1
RA-315,2022,3,Quartzo,0,Em fase,10.0,3.0,5.1,6.7,7.5,,5.056,5.672
RA-315,2023,3,Quartzo,-1,Moderada,5.0,6.3,6.8,0.0,5.0,7.96875,7.8375,5.977708333
RA-315,2024,4,Ágata,-1,Moderada,5.0,6.833333333333333,5.918518518666667,0.0,7.51,7.5,7.6275,6.0768703704
RA-316,2022,3,Ametista,-1,Moderada,5.0,6.1,10.0,10.0,6.9,,8.389,7.889
RA-316,2023,4,Topázio,0,Em fase,10.0,5.7,9.5,10.0,7.52,8.59375,8.96,8.436908333
RA-316,2024,5,Topázio,0,Em fase,10.0,8.0,10.0,9.168,7.51,7.65625,8.3775,8.708925
RA-317,2022,3,Ametista,0,Em fase,10.0,6.8,5.6,8.8,7.5,,5.944,7.04
RA-318,2022,3,Ágata,-1,Moderada,5.0,5.8,6.9,8.3,6.9,,6.111,6.527
RA-318,2023,4,Ágata,-1,Moderada,5.0,4.9,8.1,7.9,6.26,7.96875,7.71,6.856575
RA-318,2024,5,Ametista,-1,Moderada,5.0,4.666666666666667,9.129629629666667,7.917,7.51,7.34375,7.443333333,7.025000925866668
RA-319,2022,3,Ametista,0,Em fase,10.0,5.2,7.7,9.2,7.5,,7.5,7.448
RA-319,2023,4,Topázio,0,Em fase,10.0,7.2,9.2,9.6,5.0,8.59375,8.88,8.367208333
RA-319,2024,5,Ametista,0,Em fase,10.0,5.833333333333333,9.024122807,9.585,7.51,7.34375,7.666666667,7.948699561466667
RA-32,2022,6,Ametista,0,Em fase,10.0,6.1,5.2,8.8,8.8,,7.944,7.37
RA-32,2023,7,Ágata,0,Em fase,10.0,7.9,8.2,0.0,3.77,7.375,6.8775,6.716666667
RA-320,2022,3,Ametista,-1,Moderada,5.0,6.4,10.0,8.8,6.9,,8.667,7.897
RA-320,2023,4,Topázio,0,Em fase,10.0,5.5,9.9,9.2,7.52,8.59375,8.96,8.393508333
RA-320,2024,5,Topázio,0,Em fase,10.0,6.666666666666667,10.0,9.168,7.51,7.65625,8.3775,8.442258333333335
RA-321,2022,3,Ametista,0,Em fase,10.0,5.2,9.1,9.2,5.6,,8.278,7.792
RA-321,2023,4,Ametista,1,Em fase,10.0,6.2,9.4,8.3,2.52,8.125,8.42,7.695233333
RA-321,2024,5,Topázio,1,Em fase,10.0,7.166666666666667,9.534706331,7.917,6.26,8.125,7.776666667,8.125807932933334
RA-322,2022,3,Ágata,0,Em fase,10.0,4.7,8.1,7.1,5.0,,6.778,6.859
RA-322,2023,4,Ametista,0,Em fase,10.0,5.3,8.3,6.7,2.52,7.96875,8.045,7.037808333
RA-323,2022,3,Ágata,0,Em fase,10.0,3.4,7.3,9.2,7.5,,6.611,6.86
RA-324,2022,2,Topázio,0,Em fase,10.0,6.8,9.3,10.0,6.9,,8.611,8.27
RA-324,2023,2,Ametista,0,Em fase,10.0,8.4,9.0,5.8,2.52,8.125,7.5875,7.6354
RA-325,2022,2,Ametista,0,Em fase,10.0,6.0,6.8,9.5,7.5,,8.444,7.619
RA-325,2023,2,Ágata,0,Em fase,10.0,5.6,7.1,0.0,5.0,8.125,7.0025,6.243
RA-325,2024,3,Topázio,0,Em fase,10.0,7.0,9.866666666666667,9.168,7.51,8.333333333,7.553333333,8.385133333233336
RA-326,2022,2,Topázio,-1,Moderada,5.0,9.0,9.7,10.0,5.0,,8.944,8.22
RA-326,2023,3,Topázio,0,Em fase,10.0,8.2,9.4,9.6,3.14,9.0625,9.76,8.65075
RA-326,2024,4,Topázio,1,Em fase,10.0,9.333333333333334,8.973112128333334,9.168,6.26,8.875,8.704,8.832389092333335
RA-327,2022,2,Ágata,0,Em fase,10.0,2.8,8.8,8.5,7.5,,7.333,6.986
RA-328,2022,2,Ágata,-1,Moderada,5.0,5.3,7.0,10.0,7.5,,7.5,6.823
RA-329,2022,2,Ágata,0,Em fase,10.0,5.0,6.9,7.4,4.4,,5.778,6.313
RA-33,2022,6,Quartzo,-1,Moderada,5.0,4.8,4.6,0.0,7.5,,6.0,4.952
RA-330,2022,2,Ágata,-2,Moderada,5.0,2.5,8.8,9.5,7.5,,7.056,6.446
RA-330,2023,3,Ágata,-2,Moderada,5.0,3.3,7.2,9.6,6.89,6.71875,5.8275,6.084875
RA-331,2022,2,Ágata,-1,Moderada,5.0,3.7,8.7,9.0,7.5,,6.944,6.636
RA-331,2023,3,Ametista,0,Em fase,10.0,5.2,8.6,9.6,2.52,7.03125,6.7975,7.039791667
RA-331,2024,3,Ágata,-1,Moderada,5.0,3.5,7.735353535333334,8.751,8.755,6.09375,5.62,6.231045707066668
RA-332,2022,2,Ametista,-1,Moderada,5.0,7.5,9.0,9.5,8.1,,8.5,7.883
RA-332,2023,3,Topázio,-1,Moderada,5.0,6.8,8.4,9.2,8.76,8.28125,9.175,8.002591667
RA-332,2024,4,Topázio,1,Em fase,10.0,7.0,7.605358505000001,9.585,9.38,8.625,8.706,8.421271701
RA-333,2022,2,Quartzo,-2,Moderada,5.0,2.9,5.8,8.0,3.8,,6.722,5.249
RA-334,2022,2,Ametista,0,Em fase,10.0,8.0,9.2,6.9,4.4,,8.722,7.961
RA-335,2022,2,Ametista,0,Em fase,10.0,7.4,9.4,9.5,7.5,,6.833,7.902
RA-336,2022,2,Ágata,-1,Moderada,5.0,5.1,8.5,9.5,4.4,,7.889,6.787
RA-336,2023,3,Quartzo,-1,Moderada,5.0,5.1,7.5,0.0,6.89,7.34375,7.255,5.887708333
RA-336,2024,4,Ágata,0,Em fase,10.0,5.833333333333333,5.512100409000001,7.5,6.26,7.5,7.196,6.834286748466667
RA-337,2022,2,Ametista,0,Em fase,10.0,5.8,9.3,10.0,7.5,,7.611,7.914
RA-338,2022,2,Ágata,-1,Moderada,5.0,5.8,7.3,8.5,7.5,,7.611,6.837
RA-338,2023,3,Topázio,0,Em fase,10.0,6.7,9.1,8.3,7.52,8.59375,8.38,8.287441667
RA-338,2024,4,Topázio,0,Em fase,10.0,6.833333333333333,7.441643324,9.168,7.51,7.625,8.8375,8.052795331466667
RA-339,2022,2,Topázio,0,Em fase,10.0,8.1,9.9,6.9,7.5,,8.889,8.488
RA-339,2023,3,Ametista,0,Em fase,10.0,7.1,8.9,0.0,7.52,7.8125,8.255,7.377583333
RA-339,2024,4,Ametista,1,Em fase,10.0,8.166666666666666,7.155537064000001,7.5,5.635,8.0,7.668,7.711540746133334
RA-34,2022,6,Ágata,-1,Moderada,5.0,3.8,4.8,9.6,8.1,,7.278,6.259
RA-34,2023,8,,0,Em fase,10.0,,,,,,,
RA-340,2022,2,Ametista,0,Em fase,10.0,6.5,8.2,9.0,7.5,,7.667,7.721
RA-340,2023,2,Ametista,-1,Moderada,5.0,8.9,9.6,0.0,2.52,9.166666667,8.505,7.059666667
RA-340,2024,3,Ágata,0,Em fase,10.0,5.166666666666667,6.585769980666666,7.917,7.51,6.5625,5.83,6.715437329466668
RA-341,2022,2,Ágata,-1,Moderada,5.0,5.8,7.7,8.0,7.5,,7.5,6.854
RA-342,2022,2,Ágata,-2,Moderada,5.0,6.6,6.7,9.0,7.5,,7.5,6.941
RA-342,2023,3,Ametista,-2,Moderada,5.0,6.6,8.6,7.5,7.52,7.96875,8.505,7.539875
RA-342,2024,4,Ágata,-1,Moderada,5.0,4.5,7.728174603333334,8.751,6.26,7.65625,7.723333333,6.757026587266667
RA-343,2022,2,Ágata,-2,Moderada,5.0,5.9,7.4,9.5,7.5,,7.167,6.9
RA-343,2023,3,Ágata,-2,Moderada,5.0,5.7,7.2,9.2,6.26,7.65625,6.9225,6.779591667
RA-344,2022,2,Ametista,0,Em fase,10.0,4.5,8.3,8.5,7.5,,7.5,7.263
RA-345,2022,2,Quartzo,-1,Moderada,5.0,3.6,5.4,9.5,5.6,,6.667,5.75
RA-345,2023,3,Ágata,-1,Moderada,5.0,4.6,6.8,8.8,6.26,8.125,7.1725,6.534766667
RA-346,2022,2,Topázio,0,Em fase,10.0,7.0,9.1,10.0,7.5,,7.889,8.143
RA-346,2023,3,Ametista,1,Em fase,10.0,6.2,9.4,0.0,8.14,7.96875,7.84,7.305541667
RA-346,2024,3,Ametista,0,Em fase,10.0,6.166666666666667,9.149206349333333,10.002,2.51,7.96875,8.2525,7.761749603200001
RA-347,2022,2,Ametista,-1,Moderada,5.0,8.5,10.0,9.0,5.6,,8.0,7.908
RA-347,2023,3,Ametista,0,Em fase,10.0,7.3,9.5,6.7,2.52,7.8125,7.7925,7.61835
RA-347,2024,4,Topázio,1,Em fase,10.0,7.666666666666667,9.673046251999999,8.751,6.885,8.0,7.766,8.384742583733333
RA-348,2022,2,Quartzo,-1,Moderada,5.0,1.8,8.7,9.0,7.5,,5.833,5.864
RA-348,2023,2,Ágata,-1,Moderada,5.0,4.4,8.7,10.0,2.52,8.541666667,8.0075,6.817866667
RA-349,2022,2,Quartzo,-1,Moderada,5.0,3.7,7.7,9.5,7.5,,3.944,5.658
RA-35,2022,6,Topázio,-1,Moderada,5.0,8.5,9.6,10.0,9.4,,10.0,8.965
RA-35,2023,8,,0,Em fase,10.0,,,,,,,
RA-35,2024,8,,0,Em fase,10.0,,0.0,,,,,
RA-350,2022,2,Topázio,0,Em fase,10.0,6.5,8.8,10.0,7.5,,8.611,8.206
RA-350,2023,2,Ametista,-1,Moderada,5.0,9.0,9.7,10.0,2.52,8.958333333,7.92,7.972033333
RA-351,2022,2,Ágata,-2,Moderada,5.0,4.0,7.2,9.0,7.5,,8.111,6.622
RA-352,2022,2,Ametista,0,Em fase,10.0,7.0,8.1,9.0,5.6,,8.389,7.834
RA-352,2023,3,Ametista,0,Em fase,10.0,7.2,8.1,9.2,6.26,7.96875,7.17,7.840341667
RA-352,2024,4,Quartzo,1,Em fase,10.0,3.1666666666666665,4.453748006333333,8.334,6.26,6.375,6.7925,5.9794829346
RA-353,2022,2,Topázio,0,Em fase,10.0,7.5,10.0,7.0,7.5,,8.444,8.264
RA-353,2023,3,Topázio,0,Em fase,10.0,8.4,9.9,8.8,2.52,7.8125,8.67,8.309016667
RA-354,2022,2,Quartzo,-1,Moderada,5.0,4.5,4.3,8.5,7.5,,7.333,5.858
RA-355,2022,2,Quartzo,-1,Moderada,5.0,4.5,5.0,5.8,7.5,,6.056,5.379
RA-356,2022,2,Ágata,-1,Moderada,5.0,4.6,8.4,10.0,5.0,,8.278,6.69
RA-356,2023,3,Ágata,0,Em fase,10.0,3.4,8.5,9.2,2.52,6.09375,6.5025,6.452008333
RA-356,2024,4,Ágata,1,Em fase,10.0,5.333333333333333,6.656346749333334,8.334,5.635,5.25,6.5375,6.627336016533334
RA-357,2022,2,Ametista,-1,Moderada,5.0,8.5,9.6,8.0,7.5,,7.778,7.836
RA-357,2023,2,Topázio,-1,Moderada,5.0,8.7,9.6,8.5,7.52,8.75,8.23,8.2832
RA-357,2024,3,Ametista,-1,Moderada,5.0,7.666666666666667,9.028180354333333,8.751,8.135,7.875,7.0825,7.731569404200001
RA-358,2022,2,Quartzo,-1,Moderada,5.0,0.0,6.5,7.5,7.5,,7.556,5.412
RA-359,2022,2,Ágata,-1,Moderada,5.0,4.6,7.0,9.0,7.5,,7.5,6.606
RA-359,2023,3,Ametista,0,Em fase,10.0,5.8,9.2,9.6,2.52,7.65625,8.255,7.627125
RA-359,2024,4,Ametista,1,Em fase,10.0,5.5,7.162698412666667,9.168,6.26,7.5,8.333333333,7.492006349133335
RA-36,2022,6,Ametista,-1,Moderada,5.0,6.8,9.0,9.2,6.9,,8.944,7.876
RA-36,2023,8,,0,Em fase,10.0,,,,,,,
RA-36,2024,8,,0,Em fase,10.0,,0.0,,,,,
RA-360,2022,2,Ametista,-1,Moderada,5.0,5.2,8.5,9.5,7.5,,7.5,7.075
RA-360,2023,3,Quartzo,0,Em fase,10.0,4.3,7.3,0.0,2.52,7.34375,7.4225,5.790875
RA-360,2024,3,Ágata,-1,Moderada,5.0,5.833333333333333,5.618045113,8.334,5.0,7.708333333,6.993333333,6.293175689166667
RA-361,2022,2,Ágata,-1,Moderada,5.0,5.0,9.2,7.9,6.3,,6.778,6.731
RA-362,2022,2,Ametista,-1,Moderada,5.0,7.9,7.9,8.5,7.5,,7.5,7.413
RA-362,2023,3,Ágata,0,Em fase,10.0,5.1,7.5,0.0,7.52,7.03125,7.0875,6.392625
RA-363,2022,2,Ágata,-1,Moderada,5.0,2.0,10.0,10.0,6.9,,7.056,6.644
RA-363,2023,2,Ágata,-1,Moderada,5.0,6.8,9.9,0.0,2.52,8.541666667,8.673333333,6.680833333
RA-363,2024,3,Ametista,0,Em fase,10.0,5.333333333333333,9.523809524,9.585,5.625,7.34375,6.955,7.617803571466666
RA-364,2022,2,Topázio,0,Em fase,10.0,8.8,10.0,9.5,7.5,,8.167,8.75
RA-364,2023,3,Ametista,0,Em fase,10.0,5.8,9.0,8.8,6.89,7.03125,7.505,7.734891667
RA-364,2024,3,Topázio,0,Em fase,10.0,7.5,9.526143791,8.751,7.51,7.96875,7.2075,8.2697037582
RA-365,2022,2,Topázio,0,Em fase,10.0,7.8,10.0,8.0,5.0,,7.833,8.063
RA-365,2023,2,Topázio,0,Em fase,10.0,8.7,9.9,10.0,2.52,8.958333333,8.953333333,8.6587
RA-365,2024,3,Topázio,1,Em fase,10.0,6.666666666666667,10.0,9.585,7.51,8.4375,8.202,8.526983333333334
RA-366,2022,2,Ametista,-1,Moderada,5.0,5.5,9.4,9.5,7.5,,6.833,7.181
RA-367,2022,2,Ágata,-1,Moderada,5.0,6.7,7.4,8.5,6.3,,7.5,6.95
RA-367,2023,3,Ametista,0,Em fase,10.0,5.9,8.7,8.8,2.52,7.8125,7.7925,7.38685
RA-367,2024,4,Ametista,1,Em fase,10.0,5.0,7.268170426,9.168,6.26,6.875,7.6275,7.209434085200001
RA-368,2022,2,Ágata,-1,Moderada,5.0,7.3,7.9,8.0,5.0,,7.5,6.969
RA-368,2023,3,Quartzo,-1,Moderada,5.0,6.7,7.7,0.0,2.52,7.03125,7.34,5.796458333
RA-368,2024,3,Ágata,-1,Moderada,5.0,7.0,6.166666666666667,7.917,7.51,7.65625,6.7025,6.782158333333333
RA-369,2022,2,Ágata,0,Em fase,10.0,4.8,6.9,9.0,7.5,,6.889,6.973
RA-369,2023,2,Ágata,-1,Moderada,5.0,4.0,4.1,10.0,5.0,8.541666667,7.726666667,6.0197
RA-369,2024,3,Quartzo,0,Em fase,10.0,1.6666666666666667,4.908119658333334,8.751,7.51,6.40625,5.428,5.667282265
RA-37,2022,6,Quartzo,-1,Moderada,5.0,5.9,5.4,0.0,5.0,,5.222,4.95
RA-370,2022,2,Ametista,-1,Moderada,5.0,7.2,8.2,8.5,5.0,,7.611,7.066
RA-371,2022,2,Topázio,0,Em fase,10.0,8.4,8.0,9.5,6.9,,7.667,8.112
RA-372,2022,2,Ametista,0,Em fase,10.0,7.8,5.5,8.5,6.9,,7.389,7.304
RA-373,2022,2,Ametista,0,Em fase,10.0,7.3,9.5,6.4,5.0,,6.944,7.503
RA-373,2023,2,Ágata,-1,Moderada,5.0,8.4,9.7,0.0,2.52,8.75,7.84,6.805
RA-374,2022,2,Ametista,-1,Moderada,5.0,6.9,9.8,9.0,7.5,,7.944,7.747
RA-374,2023,3,Ametista,0,Em fase,10.0,5.4,8.3,8.8,5.63,7.65625,7.9175,7.533891667
RA-375,2022,2,Ametista,0,Em fase,10.0,5.4,9.5,9.0,7.5,,7.667,7.831
RA-375,2023,2,Ametista,-1,Moderada,5.0,7.9,9.9,0.0,5.0,8.541666667,8.283333333,7.070833333
RA-375,2024,3,Ametista,0,Em fase,10.0,6.833333333333333,9.443589743666667,9.585,7.51,7.1875,6.432,7.970034615400001
RA-376,2022,2,Ágata,-1,Moderada,5.0,4.3,9.0,9.0,7.5,,7.5,6.957
RA-376,2023,2,Ametista,-1,Moderada,5.0,5.9,9.6,8.5,2.52,7.916666667,8.226666667,7.1392
RA-376,2024,3,Quartzo,-1,Moderada,5.0,2.8333333333333335,8.287284610666667,10.002,2.51,6.5625,6.325,5.896573588800001
RA-377,2022,2,Ágata,-1,Moderada,5.0,6.2,7.7,9.0,5.6,,6.833,6.743
RA-377,2023,3,Ametista,0,Em fase,10.0,4.8,7.6,9.6,5.0,7.34375,7.6275,7.205041667
RA-377,2024,4,Ametista,0,Em fase,10.0,5.166666666666667,7.698412698333333,9.168,7.51,7.125,7.634,7.480115873000001
RA-378,2022,2,Ametista,-1,Moderada,5.0,8.1,6.8,9.0,5.6,,7.889,7.203
RA-379,2022,2,Ágata,-1,Moderada,5.0,5.0,8.1,8.5,7.5,,6.778,6.722
RA-38,2022,6,Topázio,-1,Moderada,5.0,8.6,8.9,9.2,7.5,,9.833,8.523
RA-38,2023,7,Topázio,0,Em fase,10.0,7.7,9.7,9.6,7.52,8.75,8.8825,8.835333333
RA-38,2024,8,,0,Em fase,10.0,,0.0,,,,,
RA-380,2022,2,Quartzo,-1,Moderada,5.0,2.5,4.4,7.9,5.0,,4.833,4.556
RA-380,2023,3,Quartzo,-1,Moderada,5.0,4.5,6.4,0.0,2.52,6.71875,6.5425,4.912375
RA-381,2022,2,Ágata,-1,Moderada,5.0,3.3,8.3,9.0,6.9,,6.944,6.454
RA-381,2023,3,Quartzo,-1,Moderada,5.0,3.9,8.4,0.0,6.89,7.34375,6.84,5.758041667
RA-381,2024,3,Quartzo,-2,Moderada,5.0,3.6666666666666665,6.133333333333333,8.334,7.51,6.71875,6.1225,5.940775
RA-382,2022,2,Ágata,-2,Moderada,5.0,5.4,7.7,9.0,6.3,,7.333,6.777
RA-382,2023,3,Ágata,-2,Moderada,5.0,5.2,9.4,0.0,6.26,7.5,7.1725,6.223833333
RA-382,2024,4,Quartzo,-1,Moderada,5.0,3.0,6.324561403666666,9.168,5.63,6.75,6.43,5.805712280733333
RA-383,2022,2,Topázio,0,Em fase,10.0,8.1,9.6,9.0,7.5,,7.778,8.4
RA-383,2023,3,Ametista,0,Em fase,10.0,6.5,8.8,9.2,3.14,7.5,7.5,7.5408
RA-383,2024,4,Topázio,1,Em fase,10.0,5.833333333333333,8.600288600333334,9.168,7.51,7.875,8.47,8.036024386733335
RA-384,2022,2,Ametista,-1,Moderada,5.0,8.1,8.4,9.0,6.3,,8.0,7.558
RA-384,2023,3,Ágata,0,Em fase,10.0,7.3,9.1,0.0,2.52,7.65625,7.335,6.757958333
RA-384,2024,4,Topázio,0,Em fase,10.0,7.5,8.607503607333333,7.5,7.51,7.625,7.936,8.072200721466668
RA-385,2022,2,Ágata,-1,Moderada,5.0,4.9,7.5,7.4,5.0,,6.5,6.083
RA-386,2022,2,Ágata,-1,Moderada,5.0,4.0,5.9,10.0,5.6,,7.222,6.104
RA-386,2023,3,Quartzo,-1,Moderada,5.0,3.3,7.0,9.2,2.52,7.03125,6.6325,5.758425
RA-387,2022,2,Ágata,-1,Moderada,5.0,3.7,8.2,7.0,7.5,,6.833,6.323
RA-387,2023,3,Quartzo,-1,Moderada,5.0,3.0,6.8,0.0,2.52,6.875,7.0075,4.794333333
RA-387,2024,3,Ágata,-1,Moderada,5.0,4.333333333333333,7.166666666666667,7.5,7.51,6.25,5.9975,6.125500000000001
RA-388,2022,2,Ágata,-2,Moderada,5.0,4.5,8.5,7.9,5.6,,7.722,6.654
RA-388,2023,3,Quartzo,-2,Moderada,5.0,4.2,7.4,0.0,5.63,6.875,7.835,5.630833333
RA-388,2024,4,Quartzo,-1,Moderada,5.0,4.333333333333333,6.349206349,7.5,7.51,6.75,5.764,5.965307936466667
RA-389,2022,2,Ametista,0,Em fase,10.0,3.5,8.9,8.0,7.5,,7.556,7.184
RA-389,2023,2,Ágata,-1,Moderada,5.0,8.2,8.2,0.0,2.52,8.75,8.95,6.687
RA-389,2024,3,Ametista,0,Em fase,10.0,5.166666666666667,6.674358974333333,9.585,8.76,6.5625,6.745,7.2079551282
RA-39,2022,6,Ágata,0,Em fase,10.0,6.9,4.8,0.0,6.9,,6.111,6.033
RA-39,2023,7,Topázio,0,Em fase,10.0,7.8,9.1,9.6,7.52,8.75,8.7575,8.710333333
RA-39,2024,8,,0,Em fase,10.0,,0.0,,,,,
RA-390,2022,2,Ágata,-1,Moderada,5.0,4.7,8.8,7.4,6.3,,7.722,6.776
RA-390,2023,3,Ágata,0,Em fase,10.0,4.8,8.8,7.9,2.52,7.34375,7.005,6.905741667
RA-390,2024,3,Ágata,0,Em fase,10.0,4.166666666666667,6.080701754333333,7.5,8.755,6.5625,6.08,6.5472236842000004
RA-391,2022,2,Ametista,-1,Moderada,5.0,5.1,8.1,10.0,7.5,,8.056,7.117
RA-391,2023,3,Ágata,0,Em fase,10.0,3.5,7.5,7.9,2.52,7.5,7.585,6.5107
RA-392,2022,2,Ágata,-2,Moderada,5.0,4.8,8.8,9.5,5.6,,6.778,6.418
RA-392,2023,3,Ágata,-2,Moderada,5.0,4.6,9.5,9.6,2.52,6.09375,7.17,6.567208333
RA-392,2024,4,Quartzo,-1,Moderada,5.0,1.0,5.414731682,9.585,5.635,3.5,3.545,4.3639463364
RA-393,2022,2,Quartzo,-4,Severa,2.5,4.6,5.4,10.0,5.0,,6.778,5.518
RA-394,2022,2,Ametista,0,Em fase,10.0,5.9,8.6,9.5,7.5,,8.444,7.897
RA-395,2022,2,Ametista,0,Em fase,10.0,4.9,8.9,9.0,7.5,,8.333,7.683
RA-395,2023,3,Ametista,0,Em fase,10.0,6.0,8.6,9.2,2.52,7.96875,7.9175,7.469175
RA-395,2024,4,Ametista,1,Em fase,10.0,4.333333333333333,6.921693121666666,8.751,6.26,7.25,8.464,7.169905291000001
RA-396,2022,2,Ágata,-1,Moderada,5.0,5.6,8.0,9.0,6.3,,6.556,6.556
RA-397,2022,2,Quartzo,-2,Moderada,5.0,2.8,5.7,9.0,6.9,,7.167,5.852
RA-397,2023,4,Ágata,-1,Moderada,5.0,4.6,7.9,7.5,2.52,7.1875,7.465,6.207083333
RA-397,2024,4,Ágata,-2,Moderada,5.0,5.666666666666667,7.885292942666666,7.918,5.63,7.625,7.398,6.807291921866668
RA-398,2022,2,Ametista,0,Em fase,10.0,5.5,9.3,9.0,7.5,,7.5,7.742
RA-398,2023,3,Ametista,1,Em fase,10.0,6.5,8.1,6.7,2.52,7.5,7.7925,7.153766667
RA-398,2024,3,Ametista,0,Em fase,10.0,8.0,5.733333333333333,7.083,7.51,7.291666667,6.553333333,7.2457999999666685
RA-399,2022,2,Ágata,-1,Moderada,5.0,4.3,9.3,6.8,5.6,,7.5,6.58
RA-399,2023,3,Ametista,0,Em fase,10.0,4.7,8.2,7.9,2.52,7.5,8.165,7.000033333
RA-4,2022,7,Quartzo,0,Em fase,10.0,5.0,4.5,8.8,5.6,,5.278,5.951
RA-40,2022,5,Ametista,-1,Moderada,5.0,6.8,7.8,7.9,7.5,,7.75,7.203
RA-40,2023,6,Ametista,-1,Moderada,5.0,5.9,8.2,7.5,7.52,7.96875,7.755,7.169975
RA-40,2024,7,Ametista,0,Em fase,10.0,5.333333333333333,7.211257310000001,7.083,8.13,8.125,6.276666667,7.098051462066667
RA-400,2022,2,Ágata,-2,Moderada,5.0,1.7,8.5,9.0,5.0,,7.444,6.042
RA-400,2023,3,Ágata,-1,Moderada,5.0,4.1,9.0,9.2,2.52,7.65625,7.375,6.529425
RA-401,2022,2,Ágata,-1,Moderada,5.0,4.3,9.6,6.9,7.5,,6.722,6.645
RA-401,2023,2,Ágata,-1,Moderada,5.0,7.3,8.1,4.0,2.52,7.083333333,7.116666667,6.363666667
RA-401,2024,3,Ágata,0,Em fase,10.0,4.833333333333333,6.839473684333334,6.666,6.885,6.5625,6.915,6.728911403533334
RA-402,2022,2,Quartzo,-1,Moderada,5.0,3.0,3.7,9.0,5.0,,7.222,5.261
RA-402,2023,3,Ágata,0,Em fase,10.0,4.2,7.3,9.2,2.52,7.8125,6.88,6.632716667
RA-402,2024,4,Quartzo,0,Em fase,10.0,4.166666666666667,3.074074074,7.5,6.26,6.354166667,6.1175,5.683064814833333
RA-403,2022,2,Ametista,-1,Moderada,5.0,6.3,9.3,9.5,7.5,,7.5,7.455
RA-403,2023,2,Ametista,-1,Moderada,5.0,7.8,8.8,8.5,6.27,7.291666667,8.45,7.716366667
RA-403,2024,3,Topázio,0,Em fase,10.0,7.666666666666667,7.361111111,8.751,7.51,8.541666667,7.613333333,8.008488888833334
RA-404,2022,2,Ágata,-1,Moderada,5.0,5.3,7.3,9.0,7.5,,6.944,6.658
RA-404,2023,2,Ágata,-1,Moderada,5.0,6.0,8.3,7.9,5.02,6.875,6.89,6.7093
RA-404,2024,3,Ágata,0,Em fase,10.0,5.666666666666667,6.286274509666666,8.334,2.51,7.5,6.998,6.624588235266668
RA-405,2022,2,Quartzo,-1,Moderada,5.0,3.3,6.2,9.5,5.0,,6.0,5.661
RA-406,2022,2,Ametista,-1,Moderada,5.0,6.6,9.5,9.5,7.5,,7.333,7.496
RA-407,2022,2,Ametista,-1,Moderada,5.0,6.0,9.3,8.5,7.5,,7.056,7.195
RA-407,2023,3,Ametista,-1,Moderada,5.0,7.3,8.6,9.6,7.52,7.8125,7.5,7.665083333
RA-407,2024,4,Ametista,0,Em fase,10.0,3.6666666666666665,7.614522417333333,8.334,6.26,7.96875,7.875,7.0875128168
RA-408,2022,2,Ágata,-1,Moderada,5.0,3.3,9.7,8.0,7.5,,7.333,6.725
RA-408,2023,2,Ametista,-1,Moderada,5.0,6.8,8.5,7.9,3.77,8.333333333,8.45,7.242133333
RA-408,2024,3,Ágata,0,Em fase,10.0,4.833333333333333,4.981481481666667,7.5,7.51,7.083333333,6.776666667,6.5276296297
RA-409,2022,2,Topázio,0,Em fase,10.0,7.8,9.7,7.9,7.5,,7.5,8.15
RA-409,2023,2,Ametista,-1,Moderada,5.0,8.0,9.5,8.4,2.52,7.916666667,8.73,7.621466667
RA-409,2024,3,Topázio,0,Em fase,10.0,7.166666666666667,9.231481481333333,9.585,7.51,7.916666667,7.223333333,8.225462962900002
RA-41,2022,5,Quartzo,-2,Moderada,5.0,5.6,6.1,9.2,5.0,,4.375,5.581
RA-410,2022,2,Quartzo,-2,Moderada,5.0,2.0,6.5,7.4,6.3,,7.444,5.675
RA-410,2023,3,Ágata,-1,Moderada,5.0,4.9,5.8,8.8,7.52,6.71875,6.0425,6.140808333
RA-411,2022,2,Ametista,-1,Moderada,5.0,7.1,8.6,6.4,7.5,,7.833,7.232
RA-411,2023,3,Ametista,0,Em fase,10.0,6.6,9.0,6.2,7.52,7.8125,7.5425,7.779983333
RA-411,2024,4,Ametista,0,Em fase,10.0,4.833333333333333,9.148148147999999,7.083,5.635,7.291666667,7.4125,7.279762962966667
RA-412,2022,2,Ametista,-1,Moderada,5.0,7.3,9.0,8.5,7.5,,7.778,7.556
RA-412,2023,3,Ametista,0,Em fase,10.0,6.2,8.9,8.8,2.52,7.03125,7.585,7.373891667
RA-412,2024,4,Topázio,0,Em fase,10.0,7.333333333333333,8.456140351,8.334,6.26,8.020833333,8.125,8.044378070166667
RA-413,2022,2,Ágata,-1,Moderada,5.0,4.7,8.7,6.4,5.6,,7.056,6.408
RA-413,2023,2,Ágata,-1,Moderada,5.0,6.3,8.9,7.9,2.52,7.291666667,7.503333333,6.803633333
RA-414,2022,2,Ametista,-1,Moderada,5.0,5.9,9.3,8.0,7.5,,7.667,7.284
RA-414,2023,3,Ametista,0,Em fase,10.0,6.5,9.5,0.0,7.52,7.8125,7.585,7.25025
RA-414,2024,3,Ametista,0,Em fase,10.0,6.0,8.429629629666666,7.917,7.51,6.25,5.67,7.187625925933334
RA-415,2022,2,Ametista,0,Em fase,10.0,6.2,8.3,8.0,7.5,,8.056,7.695
RA-415,2023,3,Ametista,0,Em fase,10.0,3.7,8.2,7.1,7.52,7.8125,7.8325,7.18805
RA-416,2022,2,Ametista,-1,Moderada,5.0,7.2,9.3,9.5,8.8,,8.222,7.913
RA-416,2023,3,Topázio,0,Em fase,10.0,7.6,9.8,9.2,2.52,8.28125,8.3375,8.144425
RA-416,2024,4,Topázio,1,Em fase,10.0,8.0,8.972709551666666,8.751,7.51,8.541666667,9.13,8.700808577033333
RA-417,2022,2,Topázio,-1,Moderada,5.0,8.0,10.0,10.0,7.5,,9.556,8.428
RA-417,2023,3,Topázio,0,Em fase,10.0,7.8,9.7,5.4,7.52,8.28125,8.2125,8.257658333
RA-417,2024,4,Topázio,0,Em fase,10.0,8.833333333333334,8.401559454333333,8.334,7.51,8.4375,8.2925,8.533628557533333
RA-418,2022,2,Topázio,0,Em fase,10.0,7.5,9.4,8.0,7.5,,8.222,8.175
RA-418,2023,3,Topázio,1,Em fase,10.0,8.1,10.0,8.8,2.52,8.125,8.045,8.1686
RA-418,2024,4,Topázio,1,Em fase,10.0,9.333333333333334,10.0,8.751,7.51,8.229166667,9.0475,9.125183333366667
RA-419,2022,2,Ametista,-1,Moderada,5.0,6.9,9.2,7.5,5.6,,8.389,7.359
RA-419,2023,3,Ametista,0,Em fase,10.0,7.6,9.5,6.7,2.52,8.125,7.875,7.7261
RA-419,2024,4,Topázio,1,Em fase,10.0,8.166666666666666,9.382456140666667,7.083,6.26,8.020833333,8.5475,8.355707894766669
RA-42,2022,5,Ágata,0,Em fase,10.0,4.8,7.9,8.3,5.6,,6.083,6.72
RA-42,2023,5,Ágata,-1,Moderada,5.0,5.7,8.6,8.8,5.63,6.5625,6.6675,6.794516667
RA-42,2024,6,Ametista,-1,Moderada,5.0,8.166666666666666,9.682539682666667,9.168,5.635,6.796875,7.134,7.656628769866667
RA-420,2022,2,Ametista,0,Em fase,10.0,4.5,9.0,9.5,5.6,,8.0,7.461
RA-420,2023,3,Ametista,0,Em fase,10.0,5.3,9.3,8.3,2.52,7.65625,7.96,7.356358333
RA-420,2024,4,Ametista,1,Em fase,10.0,4.0,9.557894737,8.334,6.26,7.8125,7.96,7.544228947400001
RA-421,2022,2,Topázio,0,Em fase,10.0,8.8,9.3,8.5,7.5,,9.111,8.717
RA-421,2023,3,Topázio,0,Em fase,10.0,7.3,9.9,9.2,2.52,7.8125,8.17,8.030716667
RA-421,2024,4,Topázio,1,Em fase,10.0,6.666666666666667,9.540744978333334,8.751,7.51,9.0625,8.572,8.488232329
RA-422,2022,2,Ágata,-1,Moderada,5.0,2.5,10.0,8.5,7.5,,7.5,6.746
RA-422,2023,2,Quartzo,-1,Moderada,5.0,4.4,7.8,0.0,7.52,6.666666667,6.106666667,5.57
RA-422,2024,3,Quartzo,-1,Moderada,5.0,2.8333333333333335,6.157407407333333,7.5,7.51,6.458333333,5.5,5.544981481433334
RA-423,2022,2,Ágata,-1,Moderada,5.0,2.3,9.6,8.4,7.5,,7.667,6.647
RA-423,2023,2,Ágata,-1,Moderada,5.0,3.4,8.7,8.0,6.89,7.083333333,7.45,6.607533333
RA-423,2024,3,Ágata,0,Em fase,10.0,4.333333333333333,6.501135191,5.833,8.13,6.875,6.8275,6.616193704866666
RA-424,2022,2,Ametista,-1,Moderada,5.0,7.5,10.0,9.0,7.5,,8.222,7.94
RA-424,2023,3,Ametista,0,Em fase,10.0,6.4,9.9,8.8,2.52,7.8125,7.7925,7.72685
RA-424,2024,4,Ametista,0,Em fase,10.0,3.3333333333333335,9.616228070333333,8.334,7.51,7.34375,7.1625,7.341187280733334
RA-425,2022,2,Topázio,-1,Moderada,5.0,9.0,10.0,9.0,7.5,,7.5,8.117
RA-425,2023,3,Topázio,0,Em fase,10.0,7.5,9.9,9.2,2.52,7.8125,8.3775,8.10555
RA-425,2024,4,Topázio,0,Em fase,10.0,9.0,10.0,10.002,6.26,8.229166667,8.8375,9.016616666700001
RA-426,2022,2,Ágata,-2,Moderada,5.0,4.6,6.5,9.0,7.5,,7.111,6.35
RA-426,2023,3,Ágata,-1,Moderada,5.0,5.0,7.6,5.4,5.0,7.65625,7.5425,6.329158333
RA-426,2024,4,Ágata,-1,Moderada,5.0,4.833333333333333,7.9050567596666665,7.917,4.38,7.65625,8.0,6.6430030186
RA-427,2022,2,Ágata,-1,Moderada,5.0,2.5,8.5,8.0,7.5,,6.778,6.245
RA-428,2022,2,Ametista,-1,Moderada,5.0,9.5,8.7,6.8,7.5,,7.111,7.683
RA-428,2023,3,Ametista,0,Em fase,10.0,7.2,9.5,8.3,2.52,7.8125,8.0425,7.821816667
RA-428,2024,4,Ametista,0,Em fase,10.0,5.0,8.898245614,9.168,5.635,7.5,7.625,7.534949122800001
RA-429,2022,2,Quartzo,-1,Moderada,5.0,2.7,5.3,10.0,7.5,,6.611,5.811
RA-43,2022,5,Quartzo,-1,Moderada,5.0,4.3,6.5,6.3,5.6,,5.958,5.486
RA-43,2023,6,Ágata,-1,Moderada,5.0,5.0,6.7,7.9,5.63,7.5,7.5875,6.4622
RA-430,2022,2,Ametista,-1,Moderada,5.0,8.5,8.6,9.5,7.5,,6.611,7.585
RA-430,2023,3,Ametista,-1,Moderada,5.0,6.4,9.3,9.2,2.52,7.8125,7.75,7.146716667
RA-431,2022,2,Ametista,0,Em fase,10.0,4.5,8.1,9.0,7.5,,6.778,7.175
RA-432,2022,2,Ágata,-2,Moderada,5.0,5.1,6.8,10.0,5.0,,6.611,6.34
RA-432,2023,3,Ágata,-2,Moderada,5.0,5.2,9.0,8.8,2.52,7.8125,8.0425,6.850183333
RA-432,2024,4,Ametista,-1,Moderada,5.0,5.5,10.0,7.501,6.26,7.34375,7.2875,7.167975
RA-433,2022,2,Quartzo,-1,Moderada,5.0,2.6,7.3,8.5,5.0,,5.778,5.557
RA-433,2023,2,Ágata,-1,Moderada,5.0,4.8,7.2,8.5,7.52,5.833333333,7.613333333,6.5982
RA-433,2024,3,Ametista,0,Em fase,10.0,4.833333333333333,8.380952381,7.918,8.13,6.875,6.415,7.218157142866668
RA-434,2022,2,Ametista,0,Em fase,10.0,5.7,8.1,9.0,7.5,,6.778,7.403
RA-434,2023,2,Ametista,-1,Moderada,5.0,6.6,8.0,6.3,7.52,7.5,7.613333333,7.069766667
RA-434,2024,3,Ágata,0,Em fase,10.0,5.5,5.061904762,7.084,7.51,7.291666667,6.55,6.610947619100001
RA-435,2022,2,Ágata,0,Em fase,10.0,4.7,6.2,7.9,7.5,,6.444,6.599
RA-436,2022,2,Ágata,0,Em fase,10.0,2.0,8.1,9.5,7.5,,6.611,6.687
RA-436,2023,2,Quartzo,-1,Moderada,5.0,3.4,4.7,7.5,2.52,6.875,7.613333333,5.322366667
RA-437,2022,2,Ágata,-1,Moderada,5.0,5.8,8.3,8.5,7.5,,6.611,6.875
RA-437,2023,2,Ágata,-2,Moderada,5.0,4.7,8.4,8.0,7.52,7.291666667,7.78,6.947366667
RA-438,2022,2,Ametista,0,Em fase,10.0,7.3,8.7,8.0,7.5,,6.889,7.764
RA-438,2023,2,Ágata,0,Em fase,10.0,5.4,7.5,6.9,6.26,6.458333333,7.223333333,6.9883
RA-438,2024,2,Ametista,-1,Moderada,5.0,8.25,8.6630434785,9.168,7.51,7.96875,7.915,7.930283695700001
RA-439,2022,2,Quartzo,-1,Moderada,5.0,2.3,4.9,9.0,7.5,,6.5,5.519
RA-44,2022,5,Quartzo,-2,Moderada,5.0,3.0,5.9,5.0,7.5,,7.292,5.542
RA-44,2023,6,Ágata,-2,Moderada,5.0,6.9,8.5,0.0,5.01,7.5,7.17,6.258333333
RA-440,2022,2,Ametista,0,Em fase,10.0,5.5,9.0,9.5,6.9,,5.833,7.329
RA-440,2023,3,Ágata,0,Em fase,10.0,6.2,8.2,0.0,7.52,7.96875,7.835,6.989208333
RA-441,2022,2,Topázio,0,Em fase,10.0,8.0,7.9,9.0,7.5,,8.333,8.188
RA-442,2022,2,Topázio,0,Em fase,10.0,7.5,8.2,10.0,7.5,,8.222,8.226
RA-442,2023,3,Ágata,0,Em fase,10.0,5.8,7.6,0.0,7.52,7.5,8.1275,6.814166667
RA-442,2024,4,Ágata,1,Em fase,10.0,5.0,5.9151960783333335,8.334,5.635,7.5,7.8775,6.905439215666667
RA-443,2022,2,Ametista,-1,Moderada,5.0,5.6,9.1,9.0,7.5,,8.5,7.482
RA-443,2023,3,Ágata,-1,Moderada,5.0,7.6,7.5,7.1,2.52,7.96875,8.125,6.895508333
RA-444,2022,2,Ágata,0,Em fase,10.0,3.1,7.2,9.0,5.0,,7.778,6.665
RA-444,2023,3,Quartzo,1,Em fase,10.0,4.7,7.9,0.0,5.0,6.40625,6.4575,5.958791667
RA-444,2024,3,Quartzo,-1,Moderada,5.0,3.6666666666666665,6.377276524666667,8.334,2.51,6.25,5.96,5.410188638266668
RA-445,2022,2,Ágata,-1,Moderada,5.0,3.8,9.4,9.0,7.5,,7.5,6.924
RA-445,2023,2,Ametista,-1,Moderada,5.0,8.4,8.8,8.0,6.89,8.541666667,8.176666667,7.9087
RA-445,2024,3,Ametista,0,Em fase,10.0,4.0,8.715873016,7.917,7.51,7.8125,7.3725,7.3416246032
RA-446,2022,2,Ametista,-1,Moderada,5.0,6.9,8.9,9.5,5.0,,7.889,7.367
RA-447,2022,2,Quartzo,0,Em fase,10.0,3.5,7.0,0.0,7.5,,5.556,5.607
RA-448,2022,2,Ametista,0,Em fase,10.0,5.5,9.7,9.0,7.5,,8.111,7.972
RA-449,2022,2,Ágata,-1,Moderada,5.0,7.0,6.0,0.0,7.5,,8.111,6.143
RA-449,2023,3,Ametista,0,Em fase,10.0,7.0,7.2,7.1,7.52,7.34375,6.8425,7.396508333
RA-45,2022,5,Ametista,0,Em fase,10.0,6.8,8.9,7.9,5.6,,7.417,7.591
RA-45,2023,6,Topázio,0,Em fase,10.0,7.9,9.6,7.1,6.26,8.28125,8.1725,8.303591667
RA-45,2024,7,Topázio,0,Em fase,10.0,8.0,9.619047619,7.5,9.38,8.75,8.283333333,8.743476190400001
RA-450,2022,2,Ametista,-1,Moderada,5.0,7.5,9.1,10.0,7.5,,8.111,7.843
RA-450,2023,3,Ágata,-1,Moderada,5.0,5.4,8.4,9.6,2.52,7.65625,7.9175,6.819625
RA-450,2024,4,Ametista,-1,Moderada,5.0,7.5,8.954191033333332,8.751,5.63,7.8125,7.58,7.526188206666666
RA-451,2022,2,Ágata,-1,Moderada,5.0,6.1,6.0,9.0,6.3,,6.889,6.434
RA-451,2023,2,Topázio,-2,Moderada,5.0,8.9,9.5,8.5,4.39,9.375,9.896666667,8.386033333
RA-452,2022,2,Ágata,-1,Moderada,5.0,4.8,5.6,9.0,7.5,,7.167,6.287
RA-453,2022,2,Ametista,-1,Moderada,5.0,8.8,8.7,9.0,7.5,,7.778,7.845
RA-454,2022,2,Quartzo,-2,Moderada,5.0,2.3,8.6,9.5,5.0,,5.444,5.561
RA-454,2023,3,Quartzo,-2,Moderada,5.0,2.6,7.5,0.0,5.0,4.6875,5.54,4.603416667
RA-454,2024,4,Quartzo,-2,Moderada,5.0,3.6666666666666665,6.633138401666667,9.585,6.255,5.416666667,5.833333333,5.8522943469666675
RA-455,2022,2,Ágata,-1,Moderada,5.0,6.3,7.9,7.0,7.5,,7.278,6.876
RA-455,2024,3,Ametista,0,Em fase,10.0,4.5,6.111111111,8.751,8.13,8.333333333,7.276666667,7.098988888900001
RA-456,2022,2,Ametista,-1,Moderada,5.0,7.3,8.2,6.4,6.3,,8.389,7.193
RA-456,2023,2,Ametista,-1,Moderada,5.0,9.9,8.3,0.0,4.39,9.583333333,9.953333333,7.518
RA-456,2024,3,Topázio,0,Em fase,10.0,6.5,9.382456140333334,7.083,7.51,9.166666667,8.893333333,8.331124561366668
RA-457,2022,2,Ametista,-1,Moderada,5.0,8.5,8.8,8.0,7.5,,7.667,7.68
RA-457,2023,3,Topázio,0,Em fase,10.0,8.1,8.6,7.5,7.52,8.125,8.045,8.256833333
RA-457,2024,4,Topázio,1,Em fase,10.0,8.666666666666666,8.743961352333335,8.334,7.51,9.6875,7.77,8.5892756038
RA-458,2022,2,Ágata,-1,Moderada,5.0,5.6,7.7,8.0,7.5,,5.833,6.512
RA-458,2023,3,Ágata,-1,Moderada,5.0,3.8,6.9,9.6,7.52,7.1875,6.2475,6.312083333
RA-458,2024,3,Quartzo,-1,Moderada,5.0,4.0,3.7396825396666666,8.751,6.88,7.03125,6.83,5.680161507933333
RA-459,2022,2,Ametista,-1,Moderada,5.0,7.3,9.1,7.0,8.1,,7.222,7.28
RA-459,2023,3,Topázio,0,Em fase,10.0,8.3,9.3,6.7,7.52,7.1875,7.88,8.240016667
RA-459,2024,4,Ametista,0,Em fase,10.0,4.666666666666667,8.454106280333333,7.917,5.635,7.8125,7.366,7.233804589400001
RA-46,2022,5,Ágata,-2,Moderada,5.0,2.1,8.4,8.8,6.3,,7.083,6.048
RA-46,2023,5,Quartzo,-3,Severa,2.5,4.4,7.4,7.1,2.52,6.5625,6.6275,5.545383333
RA-460,2022,2,Quartzo,-1,Moderada,5.0,3.3,8.1,6.8,7.5,,5.056,5.711
RA-461,2022,2,Quartzo,-1,Moderada,5.0,3.8,6.7,0.0,7.5,,7.222,5.451
RA-461,2023,2,Ametista,-1,Moderada,5.0,7.4,7.9,7.3,3.77,8.541666667,8.616666667,7.2379
RA-461,2024,3,Ametista,0,Em fase,10.0,4.5,9.182446312,8.751,7.51,7.708333333,7.056666667,7.5447559291
RA-462,2022,2,Ágata,-2,Moderada,5.0,3.6,8.5,10.0,7.5,,6.778,6.626
RA-462,2023,3,Ágata,-2,Moderada,5.0,2.7,8.1,10.0,5.0,7.5,6.5825,6.2267
RA-463,2022,2,Ágata,-1,Moderada,5.0,2.5,7.8,10.0,7.5,,7.389,6.41
RA-463,2023,3,Ágata,0,Em fase,10.0,4.0,5.4,9.2,2.52,7.8125,7.795,6.382383333
RA-464,2022,2,Ágata,-1,Moderada,5.0,4.8,8.0,7.5,7.5,,7.722,6.745
RA-464,2023,3,Ágata,-1,Moderada,5.0,3.0,7.7,9.2,2.52,7.96875,7.38,6.081675
RA-464,2024,3,Ágata,-1,Moderada,5.0,4.333333333333333,7.851461988333334,9.168,8.76,7.1875,7.1175,6.872009064333334
RA-465,2022,2,Ametista,0,Em fase,10.0,7.8,7.9,8.0,7.5,,8.444,8.012
RA-465,2023,3,Topázio,0,Em fase,10.0,8.5,9.4,7.5,2.52,7.96875,8.17,8.012875
RA-466,2022,2,Ágata,-1,Moderada,5.0,3.3,9.7,8.5,7.5,,7.556,6.826
RA-466,2023,2,Ágata,-2,Moderada,5.0,4.5,7.6,9.5,6.89,6.25,7.056666667,6.595533333
RA-466,2024,3,Ágata,-1,Moderada,5.0,4.0,7.223245614,8.751,8.76,7.5,7.665,6.778749122800001
RA-467,2022,2,Ágata,-1,Moderada,5.0,5.5,8.4,5.8,5.0,,7.111,6.38
RA-467,2023,3,Ágata,-1,Moderada,5.0,5.2,9.2,6.3,3.14,7.1875,7.5425,6.552916667
RA-467,2024,4,Ametista,0,Em fase,10.0,6.833333333333333,9.140350877333333,7.917,5.01,7.34375,7.54,7.7298118421333335
RA-468,2022,2,Ágata,-1,Moderada,5.0,4.1,6.7,9.5,7.5,,6.722,6.313
RA-468,2023,3,Quartzo,-1,Moderada,5.0,3.4,6.0,8.3,6.27,7.34375,6.715,5.911108333
RA-469,2022,2,Ametista,0,Em fase,10.0,5.7,9.6,9.0,5.0,,7.833,7.624
RA-469,2023,2,Ametista,-1,Moderada,5.0,7.8,9.3,7.5,2.52,7.916666667,8.843333333,7.482533333
RA-469,2024,3,Ametista,0,Em fase,10.0,5.0,9.498366013,9.168,7.51,7.291666667,6.94,7.684639869300001
RA-47,2022,5,Quartzo,-2,Moderada,5.0,2.1,6.3,7.9,7.5,,7.042,5.677
RA-470,2022,2,Ametista,-1,Moderada,5.0,6.3,9.7,8.0,7.5,,7.5,7.378
RA-470,2023,3,Ágata,-1,Moderada,5.0,4.9,9.2,8.8,5.0,7.5,7.71,6.993766667
RA-470,2024,4,Ágata,0,Em fase,10.0,3.3333333333333335,8.011695906666667,9.585,7.51,7.03125,6.4975,6.981130848
RA-471,2022,2,Ágata,-1,Moderada,5.0,6.3,8.5,3.5,5.0,,8.056,6.535
RA-471,2023,3,Ágata,0,Em fase,10.0,5.0,9.0,0.0,6.27,7.96875,8.125,6.855541667
RA-471,2024,4,Ágata,0,Em fase,10.0,5.5,7.027568922333333,0.0,7.51,7.708333333,8.0425,6.635847117766667
RA-472,2022,2,Quartzo,-1,Moderada,5.0,2.0,7.0,9.0,7.5,,7.056,5.93
RA-472,2023,2,Ágata,-1,Moderada,5.0,5.5,7.1,5.1,7.52,7.708333333,8.223333333,6.6858
RA-472,2024,2,Ágata,-1,Moderada,5.0,6.25,7.48447205,7.502,7.51,6.25,6.333333333,6.6397610766
RA-473,2022,2,Quartzo,-1,Moderada,5.0,4.3,6.1,8.0,7.5,,5.889,5.915
RA-474,2022,2,Ágata,-1,Moderada,5.0,3.0,9.1,9.5,7.5,,6.0,6.446
RA-474,2023,3,Quartzo,-1,Moderada,5.0,3.3,7.8,0.0,5.0,7.1875,6.7575,5.283583333
RA-474,2024,3,Ágata,-1,Moderada,5.0,3.0,5.818518518666667,9.168,7.51,7.1875,6.8725,6.024753703733333
RA-475,2022,2,Ametista,-1,Moderada,5.0,5.8,9.2,8.5,7.5,,7.667,7.199
RA-476,2022,2,Ágata,-1,Moderada,5.0,5.5,9.3,9.0,4.4,,7.556,6.931
RA-476,2023,3,Ágata,0,Em fase,10.0,4.1,7.0,7.9,2.52,7.34375,7.505,6.492408333
RA-476,2024,3,Ágata,0,Em fase,10.0,4.5,6.5964912280000005,7.917,7.51,6.25,6.745,6.7359982456
RA-477,2022,2,Quartzo,-1,Moderada,5.0,0.7,5.0,0.0,5.6,,4.5,3.633
RA-478,2022,2,Ágata,-1,Moderada,5.0,4.9,9.1,8.5,5.6,,7.056,6.709
RA-478,2023,3,Ágata,0,Em fase,10.0,4.4,7.3,6.7,2.52,7.1875,7.2975,6.443616667
RA-479,2022,1,Topázio,-1,Moderada,5.0,9.8,9.2,8.0,7.5,,9.5,8.465
RA-479,2023,2,Topázio,0,Em fase,10.0,9.7,10.0,9.0,2.52,9.791666667,9.6375,8.988866667
RA-479,2024,3,Topázio,1,Em fase,10.0,9.666666666666666,9.866666666666667,9.168,2.51,9.375,9.45,8.901966666666668
RA-48,2022,5,Ametista,0,Em fase,10.0,8.1,8.4,6.7,7.5,,8.5,8.006
RA-48,2023,6,Ametista,0,Em fase,10.0,7.7,8.4,6.7,6.26,7.65625,7.6275,7.797058333
RA-48,2024,7,Topázio,0,Em fase,10.0,7.5,8.339076859,7.917,9.375,8.59375,8.23,8.402390371800001
RA-480,2022,1,Ametista,-1,Moderada,5.0,6.3,8.8,9.0,7.5,,8.444,7.502
RA-480,2023,1,Topázio,-1,Moderada,5.0,7.9,9.7,10.0,7.52,7.96875,8.336666667,8.226408333
RA-480,2024,2,Ametista,0,Em fase,10.0,5.0,8.0714285715,6.25,7.51,7.8125,7.443333333,7.260202380900001
RA-481,2022,1,Ametista,0,Em fase,10.0,5.2,8.0,9.0,7.5,,6.889,7.21
RA-482,2022,1,Ágata,-1,Moderada,5.0,5.5,7.9,10.0,7.5,,6.833,6.866
RA-483,2022,1,Quartzo,-1,Moderada,5.0,2.4,4.8,9.0,5.0,,6.833,5.263
RA-483,2023,1,Ágata,-2,Moderada,5.0,5.6,6.0,9.0,2.52,7.916666667,8.166666667,6.3972
RA-483,2024,2,Ágata,-1,Moderada,5.0,5.25,5.6428571430000005,8.502,6.26,8.125,8.056666667,6.578604762
RA-484,2022,1,Ágata,-1,Moderada,5.0,6.5,8.7,9.5,5.0,,6.389,6.71
RA-484,2023,2,Quartzo,-1,Moderada,5.0,3.6,7.5,6.4,2.52,5.416666667,6.8,5.515466667
RA-484,2024,3,Quartzo,0,Em fase,10.0,0.0,3.9141382866666667,8.334,2.51,3.4375,3.1225,3.8354776573333336
RA-485,2022,1,Quartzo,-1,Moderada,5.0,1.2,4.0,9.5,7.5,,5.444,4.742
RA-486,2022,1,Ametista,-1,Moderada,5.0,7.3,9.9,10.0,7.5,,7.222,7.621
RA-486,2023,2,Ametista,0,Em fase,10.0,6.2,6.4,8.4,2.52,7.5,8.7525,7.1043
RA-487,2022,1,Topázio,-1,Moderada,5.0,9.6,9.7,7.5,7.5,,9.333,8.417
RA-487,2023,2,Topázio,0,Em fase,10.0,9.5,9.9,8.5,5.0,9.166666667,9.26,8.988866667
RA-487,2024,3,Topázio,0,Em fase,10.0,9.666666666666666,9.441269841333334,9.168,9.38,9.0625,9.1725,9.4171373016
RA-488,2022,1,Ametista,-1,Moderada,5.0,7.3,8.8,8.5,7.5,,7.722,7.413
RA-489,2022,1,Quartzo,0,Em fase,10.0,0.0,7.2,9.0,7.5,,6.5,5.853
RA-49,2022,5,Ágata,-2,Moderada,5.0,3.9,7.4,7.5,7.5,,7.042,6.304
RA-49,2023,8,,0,Em fase,10.0,,,,,,,
RA-49,2024,8,,0,Em fase,10.0,,0.0,,,,,
RA-490,2022,1,Ametista,-1,Moderada,5.0,7.7,8.2,7.9,7.5,,8.722,7.576
RA-490,2023,2,Ametista,0,Em fase,10.0,5.8,7.9,7.9,2.52,8.541666667,9.0075,7.429466667
RA-490,2024,3,Ametista,1,Em fase,10.0,6.166666666666667,5.5110047846666665,9.168,8.755,7.8125,7.295,7.368084290266667
RA-491,2022,1,Ametista,-1,Moderada,5.0,7.0,9.7,7.5,7.5,,7.722,7.461
RA-491,2023,2,Ametista,0,Em fase,10.0,5.0,9.6,9.5,2.52,7.708333333,8.3375,7.560533333
RA-491,2024,2,Ágata,-1,Moderada,5.0,5.25,9.011904762,7.502,7.51,7.083333333,7.166666667,6.995247619100001
RA-492,2022,1,Ametista,-1,Moderada,5.0,7.1,8.8,10.0,7.5,,8.278,7.678
RA-493,2022,1,Topázio,0,Em fase,10.0,7.2,9.4,10.0,7.5,,8.278,8.306
RA-493,2023,2,Ametista,0,Em fase,10.0,6.0,9.6,9.5,2.52,8.541666667,8.84,7.934366667
RA-493,2024,3,Ametista,1,Em fase,10.0,3.1666666666666665,8.933333333333334,10.002,10.0,7.03125,6.705,7.4643250000000005
RA-494,2022,1,Ágata,-1,Moderada,5.0,5.8,8.3,6.4,5.0,,6.944,6.407
RA-494,2023,2,Ametista,-1,Moderada,5.0,6.8,9.0,6.9,2.52,7.708333333,8.71,7.116633333
RA-494,2024,3,Ametista,0,Em fase,10.0,6.333333333333333,7.329323308333333,7.5,8.755,7.8125,8.915,7.922281328333334
RA-495,2022,1,Ametista,-1,Moderada,5.0,8.4,8.9,9.0,7.5,,8.056,7.857
RA-495,2023,2,Ametista,-1,Moderada,5.0,7.4,8.4,9.0,2.52,8.541666667,8.755,7.417366667
RA-496,2022,1,Ágata,-1,Moderada,5.0,5.7,6.8,8.5,7.5,,7.556,6.683
RA-496,2023,2,Ágata,-1,Moderada,5.0,8.3,7.1,0.0,5.0,7.916666667,8.71,6.603666667
RA-496,2024,3,Ágata,0,Em fase,10.0,5.666666666666667,5.315995871999999,10.002,6.255,6.71875,6.1625,6.726607507733334
RA-497,2022,1,Ágata,-2,Moderada,5.0,5.1,9.2,6.9,5.0,,5.833,6.323
RA-497,2023,2,Quartzo,-2,Moderada,5.0,3.5,8.7,5.3,2.52,6.25,6.885,5.7191
RA-497,2024,2,Quartzo,-1,Moderada,5.0,1.0,6.095238095,7.502,5.63,5.625,3.506666667,4.4960809524
RA-498,2022,1,Ametista,-1,Moderada,5.0,8.8,8.8,8.5,7.5,,7.556,7.7
RA-499,2022,1,Ametista,-1,Moderada,5.0,8.2,10.0,8.5,7.5,,7.444,7.826
RA-499,2023,2,Ametista,0,Em fase,10.0,6.6,10.0,7.9,2.52,8.75,8.2975,7.8883
RA-499,2024,2,Ametista,0,Em fase,10.0,4.75,9.0476190475,8.502,7.51,7.1875,7.5,7.5794738095000005
RA-5,2022,7,Ametista,0,Em fase,10.0,5.2,8.6,7.9,5.6,,7.389,7.427
RA-5,2023,8,,0,Em fase,10.0,,,,,,,
RA-50,2022,5,Ametista,-3,Severa,2.5,7.8,8.4,7.5,7.5,,7.542,7.138
RA-500,2022,1,Topázio,-1,Moderada,5.0,9.5,10.0,9.0,7.5,,7.889,8.232
RA-500,2023,2,Topázio,0,Em fase,10.0,7.9,10.0,9.5,2.52,8.958333333,8.7975,8.427533333
RA-500,2024,3,Topázio,0,Em fase,10.0,6.666666666666667,10.0,9.585,2.51,8.59375,8.3775,8.077708333333334
RA-501,2022,1,Ametista,0,Em fase,10.0,6.8,8.8,8.5,7.5,,7.333,7.794
RA-501,2023,1,Topázio,-1,Moderada,5.0,8.9,8.4,7.0,7.52,8.541666667,9.396666667,8.1357
RA-501,2024,2,Topázio,0,Em fase,10.0,8.75,7.9949874685,7.002,7.51,8.4375,8.17,8.2779474937
RA-502,2022,1,Topázio,1,Em fase,10.0,7.4,9.7,9.5,7.5,,7.778,8.287
RA-502,2023,1,Topázio,0,Em fase,10.0,8.0,9.8,8.5,7.52,7.96875,8.95,8.749075
RA-502,2024,2,Topázio,0,Em fase,10.0,8.0,9.761904762,9.002,3.755,9.0625,8.84,8.5023309524
RA-503,2022,1,Ametista,-1,Moderada,5.0,8.8,10.0,8.5,7.5,,7.5,7.95
RA-503,2023,2,Topázio,0,Em fase,10.0,8.7,10.0,9.5,2.52,8.75,8.255,8.4682
RA-503,2024,3,Topázio,1,Em fase,10.0,7.666666666666667,9.824561403666666,9.585,7.51,7.8125,7.7925,8.547495614066667
RA-504,2022,1,Topázio,0,Em fase,10.0,8.0,8.9,8.5,7.5,,7.556,8.072
RA-504,2023,1,Topázio,0,Em fase,10.0,7.9,8.3,8.0,7.52,7.5,8.836666667,8.299533333
RA-505,2022,1,Ametista,-1,Moderada,5.0,8.4,8.0,9.5,7.5,,7.556,7.591
RA-506,2022,1,Ametista,-2,Moderada,5.0,7.2,7.3,9.5,7.5,,7.278,7.132
RA-506,2023,2,Ametista,-1,Moderada,5.0,8.5,8.1,9.5,5.0,8.958333333,7.92,7.750033333
RA-507,2022,1,Ametista,-1,Moderada,5.0,7.4,10.0,8.5,7.5,,7.222,7.653
RA-508,2022,1,Ágata,-1,Moderada,5.0,4.5,7.4,8.0,7.5,,7.556,6.575
RA-508,2023,2,Ametista,0,Em fase,10.0,7.5,8.6,6.4,2.52,8.333333333,8.6725,7.671633333
RA-508,2024,3,Ágata,1,Em fase,10.0,4.666666666666667,5.567251461999999,7.083,7.51,7.65625,7.5,6.771708625733333
RA-509,2022,1,Ametista,-2,Moderada,5.0,9.2,8.2,9.0,7.5,,7.833,7.808
RA-509,2023,2,Ametista,-1,Moderada,5.0,8.6,8.1,8.5,2.52,8.958333333,8.84,7.606033333
RA-509,2024,3,Ágata,0,Em fase,10.0,6.0,6.363636363666667,9.168,2.51,8.28125,7.2475,6.918152272733334
RA-51,2022,5,Ágata,-2,Moderada,5.0,5.0,7.6,8.8,7.5,,6.5,6.488
RA-510,2022,1,Ametista,-2,Moderada,5.0,7.1,9.3,8.0,7.5,,7.056,7.336
RA-511,2022,1,Ametista,-1,Moderada,5.0,5.3,10.0,8.0,7.5,,7.056,7.094
RA-512,2022,1,Ametista,-1,Moderada,5.0,6.2,9.3,9.0,7.5,,7.722,7.365
RA-513,2022,1,Topázio,0,Em fase,10.0,8.3,9.6,9.0,5.6,,7.778,8.229
RA-513,2023,2,Topázio,0,Em fase,10.0,7.5,9.7,9.5,2.52,8.541666667,9.0075,8.297866667
RA-513,2024,3,Topázio,1,Em fase,10.0,7.666666666666667,8.831746031666666,10.002,8.135,9.0625,8.545,8.728632539666668
RA-514,2022,1,Ametista,0,Em fase,10.0,4.8,9.7,8.0,7.5,,5.889,7.039
RA-514,2023,1,Quartzo,-1,Moderada,5.0,5.5,7.5,7.9,2.52,5.0,5.896666667,5.823133333
RA-514,2024,2,Ágata,0,Em fase,10.0,3.0,7.595238095,9.002,4.385,5.625,5.996666667,6.219580952400001
RA-515,2022,1,Ágata,-2,Moderada,5.0,5.8,6.3,8.0,7.5,,7.556,6.582
RA-516,2022,1,Topázio,0,Em fase,10.0,9.9,9.7,10.0,7.5,,8.056,8.903
RA-516,2023,2,Topázio,0,Em fase,10.0,9.3,9.8,10.0,2.52,8.75,8.7175,8.6807
RA-516,2024,3,Topázio,1,Em fase,10.0,8.833333333333334,10.0,10.002,2.51,8.541666667,7.56,8.384033333366668
RA-517,2022,1,Ametista,-2,Moderada,5.0,7.7,9.5,6.9,7.5,,7.833,7.604
RA-517,2023,2,Ágata,-1,Moderada,5.0,6.6,9.0,4.1,2.52,6.875,6.7125,6.3104
RA-517,2024,3,Quartzo,0,Em fase,10.0,5.0,5.266499582333334,7.5,2.51,6.041666667,6.11,5.880466583166668
RA-518,2022,1,Ametista,-1,Moderada,5.0,7.5,9.4,9.0,7.5,,7.5,7.661
RA-518,2023,2,Ametista,0,Em fase,10.0,6.7,8.5,8.5,5.0,8.125,6.9175,7.5762
RA-518,2024,3,Ágata,0,Em fase,10.0,4.0,6.8300751879999995,8.334,2.51,7.083333333,6.94,6.3467483709
RA-519,2022,1,Ametista,0,Em fase,10.0,7.5,9.6,7.4,7.5,,7.333,8.0
RA-519,2023,1,Topázio,-1,Moderada,5.0,7.4,9.9,9.0,7.52,7.708333333,8.223333333,8.0177
RA-52,2022,5,Ametista,2,Em fase,10.0,6.2,8.9,9.6,7.5,,7.5,7.861
RA-52,2023,5,Ametista,1,Em fase,10.0,6.4,9.8,10.0,2.52,8.125,8.2975,7.9642
RA-52,2024,7,Topázio,2,Em fase,10.0,7.216666666666666,9.437666667,8.751,6.885,7.5,7.5,8.144466666733333
RA-520,2022,1,Ametista,-1,Moderada,5.0,6.8,6.8,10.0,7.5,,7.278,7.035
RA-521,2022,1,Ametista,0,Em fase,10.0,6.0,10.0,9.0,5.0,,7.5,7.725
RA-521,2023,1,Ágata,-1,Moderada,5.0,7.9,9.9,0.0,3.77,7.083333333,8.166666667,6.768666667
RA-521,2024,2,Ametista,0,Em fase,10.0,6.25,9.0357142855,8.002,5.005,6.666666667,7.276666667,7.4798428571999995
RA-522,2022,1,Topázio,0,Em fase,10.0,7.5,9.1,9.5,7.5,,8.167,8.306
RA-522,2023,1,Ametista,-1,Moderada,5.0,8.3,9.2,7.5,7.52,7.083333333,8.45,7.890533333
RA-522,2024,2,Topázio,0,Em fase,10.0,9.0,9.523809524,8.002,7.51,8.4375,7.89,8.6777119048
RA-523,2022,1,Ametista,-1,Moderada,5.0,6.5,9.5,10.0,7.5,,7.556,7.591
RA-524,2022,1,Ágata,-1,Moderada,5.0,9.1,9.4,0.0,5.0,,8.056,6.947
RA-524,2023,2,Ametista,-1,Moderada,5.0,8.9,9.2,6.4,2.52,8.333333333,7.42,7.331133333
RA-524,2024,3,Ametista,0,Em fase,10.0,8.666666666666666,5.111779448666667,7.083,2.51,8.333333333,7.39,7.026322556366667
RA-525,2022,1,Ametista,-1,Moderada,5.0,8.6,9.3,9.0,7.5,,8.167,8.013
RA-525,2023,2,Ametista,-1,Moderada,5.0,9.2,8.6,8.0,2.52,8.958333333,9.566666667,7.911366667
RA-526,2022,1,Topázio,-2,Moderada,5.0,8.0,9.9,10.0,7.5,,8.167,8.079
RA-526,2023,2,Topázio,-1,Moderada,5.0,8.8,9.8,9.5,5.0,8.75,7.7525,8.0957
RA-526,2024,3,Ametista,-1,Moderada,5.0,7.333333333333333,9.382456140333334,9.585,8.13,7.291666667,7.496666667,7.843157894833334
RA-527,2022,1,Ametista,0,Em fase,10.0,6.5,10.0,8.5,7.5,,7.5,8.025
RA-527,2023,1,Ametista,-1,Moderada,5.0,6.5,9.1,9.0,7.52,7.5,7.78,7.5682
RA-527,2024,2,Topázio,0,Em fase,10.0,6.0,10.0,9.002,7.51,8.125,7.383333333,8.1403666666
RA-528,2022,1,Quartzo,-1,Moderada,5.0,4.0,6.2,0.0,7.5,,6.944,5.335
RA-528,2023,2,Ametista,-1,Moderada,5.0,8.2,8.5,9.0,5.0,8.75,7.92,7.6892
RA-528,2024,3,Ametista,0,Em fase,10.0,6.666666666666667,5.793483709333334,9.168,7.51,7.291666667,6.936666667,7.276330075300001
RA-529,2022,1,Ágata,-2,Moderada,5.0,5.2,8.9,8.5,5.0,,6.556,6.51
RA-529,2023,1,Ametista,-2,Moderada,5.0,6.8,9.6,8.0,7.52,5.78125,6.893333333,7.278991667
RA-529,2024,2,Quartzo,-1,Moderada,5.0,4.25,6.6071428569999995,7.002,4.38,4.791666667,4.886666667,5.2661285715
RA-53,2022,5,Ágata,-2,Moderada,5.0,7.0,7.0,9.2,7.5,,6.458,6.725
RA-53,2023,6,Ametista,-2,Moderada,5.0,7.7,9.1,9.2,5.63,7.5,7.5875,7.600633333
RA-530,2022,1,Topázio,-1,Moderada,5.0,8.9,9.0,10.0,7.5,,9.056,8.338
RA-530,2023,2,Ametista,0,Em fase,10.0,5.7,8.8,10.0,5.0,7.708333333,7.46,7.653033333
RA-530,2024,3,Ametista,0,Em fase,10.0,4.5,6.468838763666667,8.751,9.38,7.083333333,7.496666667,7.214534419433333
RA-531,2022,1,Ametista,-1,Moderada,5.0,7.8,9.8,9.5,7.5,,8.167,8.057
RA-531,2023,2,Topázio,0,Em fase,10.0,7.7,10.0,9.5,2.52,8.75,8.59,8.3252
RA-531,2024,3,Ametista,0,Em fase,10.0,6.666666666666667,9.803921568666667,9.168,4.38,7.96875,7.335,7.9127926470666665
RA-532,2022,1,Ametista,0,Em fase,10.0,5.5,9.7,9.5,7.5,,7.167,7.792
RA-533,2022,1,Ágata,-1,Moderada,5.0,6.0,8.8,8.5,5.6,,7.333,6.962
RA-533,2023,1,Ametista,-1,Moderada,5.0,5.8,9.3,9.0,7.52,7.5,7.613333333,7.434866667
RA-534,2022,1,Ametista,-2,Moderada,5.0,7.1,7.4,9.0,7.5,,7.333,7.131
RA-534,2023,2,Quartzo,-1,Moderada,5.0,5.4,8.1,0.0,2.52,8.125,7.92,5.8385
RA-534,2024,3,Ametista,0,Em fase,10.0,5.0,6.043441938333333,9.585,7.51,7.5,7.103333333,7.088855054266667
RA-535,2022,1,Ágata,-1,Moderada,5.0,5.1,9.2,9.0,7.5,,6.917,6.953
RA-535,2023,2,Topázio,0,Em fase,10.0,5.6,9.4,9.0,5.0,8.125,8.95,8.0027
RA-535,2024,3,Ametista,0,Em fase,10.0,6.0,7.161904762,9.168,8.135,7.96875,7.5,7.659555952400001
RA-536,2022,1,Ametista,-1,Moderada,5.0,6.0,8.9,9.5,5.6,,7.75,7.106
RA-536,2023,2,Ametista,0,Em fase,10.0,5.9,9.3,8.0,2.52,8.333333333,9.17,7.759533333
RA-536,2024,3,Ametista,1,Em fase,10.0,5.5,9.109090909,8.334,8.135,7.1875,7.415,7.7704681818
RA-537,2022,1,Ágata,-1,Moderada,5.0,4.8,9.0,9.5,4.4,,7.167,6.641
RA-538,2022,1,Ágata,-2,Moderada,5.0,6.8,7.5,8.5,5.6,,5.583,6.309
RA-538,2023,2,Ágata,-1,Moderada,5.0,4.7,8.6,7.4,2.52,7.916666667,7.39,6.413466667
RA-538,2024,3,Ágata,-1,Moderada,5.0,6.166666666666667,7.668803418666666,8.751,7.51,5.625,5.292,6.514094017066666
RA-539,2022,1,Ametista,-1,Moderada,5.0,7.5,9.3,8.5,6.9,,8.417,7.665
RA-539,2023,2,Ametista,-1,Moderada,5.0,8.5,8.6,9.5,2.52,9.166666667,8.84,7.796866667
RA-539,2024,3,Topázio,0,Em fase,10.0,5.833333333333333,9.233333333333333,10.002,7.51,8.75,9.13,8.465533333333335
RA-54,2022,5,Ágata,-1,Moderada,5.0,4.8,6.9,7.9,7.5,,6.125,6.058
RA-540,2022,1,Ametista,-1,Moderada,5.0,7.0,9.5,8.5,5.6,,7.5,7.303
RA-540,2023,2,Topázio,0,Em fase,10.0,7.1,8.8,8.5,5.0,8.958333333,8.95,8.216033333
RA-541,2022,1,Quartzo,-3,Severa,2.5,2.5,7.8,10.0,6.9,,5.0,5.427
RA-542,2022,1,Ametista,-1,Moderada,5.0,6.5,9.8,8.0,6.3,,7.417,7.221
RA-542,2023,2,Ametista,-1,Moderada,5.0,6.3,9.7,9.5,5.0,8.75,9.006666667,7.816533333
RA-542,2024,3,Ágata,0,Em fase,10.0,3.9333333333333336,6.481366459666667,8.751,8.13,7.03125,6.232,6.7205649586
RA-543,2022,1,Ametista,-1,Moderada,5.0,6.5,9.8,8.5,4.4,,7.167,7.05
RA-543,2023,2,Ametista,0,Em fase,10.0,6.5,9.8,7.8,2.52,8.75,9.006666667,7.971833333
RA-543,2024,3,Topázio,1,Em fase,10.0,6.833333333333333,9.616977225666666,8.751,2.51,8.90625,8.7,8.0467871118
RA-544,2022,1,Ágata,-1,Moderada,5.0,3.3,9.7,9.5,5.6,,6.0,6.307
RA-545,2022,1,Ágata,-2,Moderada,5.0,5.5,6.6,9.5,7.5,,7.5,6.723
RA-546,2022,1,Ágata,-1,Moderada,5.0,5.6,7.9,9.0,5.0,,7.917,6.77
RA-546,2023,2,Ágata,-1,Moderada,5.0,5.7,7.2,0.0,2.52,8.75,9.173333333,6.031666667
RA-546,2024,3,Quartzo,0,Em fase,10.0,4.666666666666667,3.7838383836666662,5.832,8.135,5.15625,5.5,5.702426010066667
RA-547,2022,1,Ametista,-1,Moderada,5.0,7.6,9.7,9.5,5.0,,8.833,7.745
RA-547,2023,2,Ágata,-1,Moderada,5.0,6.2,9.1,0.0,2.52,8.75,8.95,6.467
RA-547,2024,3,Ametista,0,Em fase,10.0,6.833333333333333,7.030620028333334,8.751,8.135,5.625,5.932,7.2102906723333335
RA-548,2022,1,Ametista,-2,Moderada,5.0,7.2,9.1,8.0,6.9,,7.583,7.292
RA-548,2023,2,Ametista,-1,Moderada,5.0,7.4,9.1,9.0,2.52,8.333333333,8.283333333,7.4322
RA-548,2024,3,Ametista,0,Em fase,10.0,6.666666666666667,7.600427350666667,9.168,7.51,5.9375,5.626,7.240168803466668
RA-549,2022,1,Ágata,-1,Moderada,5.0,4.2,7.9,10.0,6.9,,6.167,6.301
RA-549,2023,1,Ametista,-1,Moderada,5.0,6.4,8.1,9.5,5.02,6.875,7.5,7.0297
RA-549,2024,2,Ágata,-1,Moderada,5.0,5.75,7.204968943999999,10.002,6.255,6.40625,5.9125,6.5398187888
RA-55,2022,5,Ágata,-1,Moderada,5.0,7.5,7.6,7.1,5.6,,6.5,6.576
RA-55,2023,6,Ágata,-1,Moderada,5.0,7.1,8.1,7.9,3.14,7.5,7.545,6.898033333
RA-550,2022,1,Ágata,-2,Moderada,5.0,1.9,9.0,9.0,6.9,,6.25,6.026
RA-551,2022,1,Ágata,-2,Moderada,5.0,6.6,7.3,8.5,6.9,,7.333,6.853
RA-551,2023,2,Ametista,-1,Moderada,5.0,5.4,8.6,10.0,2.52,8.541666667,8.393333333,7.075033333
RA-552,2022,1,Ágata,-1,Moderada,5.0,5.5,8.8,9.5,5.0,,7.167,6.625
RA-552,2023,1,Quartzo,-2,Moderada,5.0,6.4,5.6,0.0,3.14,6.666666667,6.89,5.248666667
RA-553,2022,1,Ágata,-1,Moderada,5.0,3.3,6.9,9.5,6.9,,8.167,6.39
RA-554,2022,1,Quartzo,-2,Moderada,5.0,4.0,6.0,7.9,6.9,,5.75,5.588
RA-555,2022,1,Quartzo,-2,Moderada,5.0,4.4,8.1,9.5,5.0,,5.167,5.949
RA-555,2023,2,Quartzo,-1,Moderada,5.0,3.9,8.1,7.4,2.52,6.25,6.946666667,5.898133333
RA-555,2024,3,Quartzo,-1,Moderada,5.0,4.333333333333333,2.7505175983333334,10.002,6.885,5.0,5.03,5.111470186333333
RA-556,2022,1,Ametista,-1,Moderada,5.0,6.4,8.8,9.0,5.0,,8.25,7.181
RA-556,2023,2,Ametista,-1,Moderada,5.0,7.2,9.6,8.5,2.52,9.166666667,9.396666667,7.7482
RA-556,2024,3,Quartzo,0,Em fase,10.0,3.8333333333333335,6.171428571333333,7.083,2.51,6.40625,6.1625,5.833377380933333
RA-557,2022,1,Topázio,-1,Moderada,5.0,9.4,8.4,10.0,7.5,,9.333,8.334
RA-557,2023,2,Topázio,0,Em fase,10.0,8.9,8.2,10.0,5.0,9.375,9.62,8.7717
RA-557,2024,3,Topázio,0,Em fase,10.0,9.666666666666666,8.756265663999999,10.002,7.51,10.0,9.576,9.350986466133334
RA-558,2022,1,Quartzo,-3,Severa,2.5,4.3,8.5,9.0,5.0,,4.5,5.539
RA-558,2023,2,Ágata,-3,Severa,2.5,6.0,9.4,7.8,5.0,6.458333333,6.78,6.615333333
RA-558,2024,3,Quartzo,-2,Moderada,5.0,3.0,3.7763975156666674,9.168,8.13,6.09375,4.268,5.048054503133334
RA-559,2022,1,Ametista,-1,Moderada,5.0,7.1,9.2,9.5,7.5,,8.083,7.634
RA-559,2023,2,Ametista,-1,Moderada,5.0,7.4,9.4,10.0,5.0,8.958333333,8.506666667,7.947366667
RA-559,2024,3,Ágata,0,Em fase,10.0,3.1666666666666665,5.705128205,10.002,8.13,6.25,4.728,6.158158974333333
RA-56,2022,5,Topázio,0,Em fase,10.0,7.0,10.0,10.0,7.5,,8.25,8.404
RA-56,2023,6,Topázio,0,Em fase,10.0,7.8,9.5,9.6,5.0,8.125,7.8,8.284333333
RA-56,2024,7,Topázio,0,Em fase,10.0,7.666666666666667,9.265350877333333,10.002,10.0,8.4375,9.233333333,9.077020175400001
RA-560,2022,1,Quartzo,-1,Moderada,5.0,3.8,7.2,6.9,5.0,,3.75,4.949
RA-560,2023,2,Quartzo,-1,Moderada,5.0,4.0,8.4,0.0,2.52,5.0,6.0,4.932
RA-561,2022,1,Ametista,-1,Moderada,5.0,7.4,9.0,9.0,7.5,,8.833,7.856
RA-562,2022,1,Ametista,-1,Moderada,5.0,8.0,9.0,8.0,7.5,,8.75,7.855
RA-562,2023,2,Ágata,-1,Moderada,5.0,8.7,8.5,0.0,2.52,8.541666667,8.893333333,6.824833333
RA-562,2024,3,Topázio,0,Em fase,10.0,7.833333333333333,9.833333333333334,8.334,8.135,7.625,7.25,8.392733333333334
RA-563,2022,1,Topázio,-1,Moderada,5.0,8.5,9.2,10.0,7.5,,8.833,8.22
RA-563,2023,2,Ametista,0,Em fase,10.0,6.2,9.7,6.4,2.52,8.75,8.726666667,7.684133333
RA-563,2024,3,Topázio,0,Em fase,10.0,8.333333333333334,9.461904762000001,9.168,8.135,8.125,7.468,8.595447619066668
RA-564,2022,1,Quartzo,-2,Moderada,5.0,2.3,3.8,9.5,5.0,,6.833,4.972
RA-565,2022,1,Quartzo,-2,Moderada,5.0,2.9,4.1,9.0,7.5,,5.917,5.233
RA-566,2022,1,Ametista,-2,Moderada,5.0,8.5,8.4,9.5,7.5,,7.917,7.729
RA-566,2023,2,Ametista,-1,Moderada,5.0,8.4,8.8,9.0,2.52,8.958333333,8.673333333,7.7227
RA-567,2022,1,Ágata,-1,Moderada,5.0,4.8,6.0,9.5,7.5,,6.833,6.281
RA-568,2022,1,Ametista,-3,Severa,2.5,8.3,8.6,8.0,6.9,,7.944,7.306
RA-568,2023,2,Ágata,-3,Severa,2.5,7.6,7.9,7.0,5.0,8.125,8.01,6.9647
RA-568,2024,3,Quartzo,-2,Moderada,5.0,5.166666666666667,3.2619047620000003,7.917,8.13,6.5625,5.496,5.545864285733334
RA-569,2022,1,Ametista,-2,Moderada,5.0,6.8,8.7,9.5,5.0,,7.333,7.074
RA-57,2022,5,Ametista,-1,Moderada,5.0,8.4,8.1,7.1,5.6,,7.875,7.305
RA-57,2023,6,Ágata,-1,Moderada,5.0,7.2,8.0,0.0,5.63,7.96875,7.755,6.450875
RA-57,2024,7,Ametista,0,Em fase,10.0,6.166666666666667,6.010860484333333,9.585,6.88,8.59375,7.39,7.4193804301999995
RA-570,2022,1,Quartzo,-1,Moderada,5.0,1.3,7.0,9.0,7.5,,6.778,5.722
RA-570,2023,1,Ágata,-1,Moderada,5.0,5.9,7.3,8.5,3.77,8.125,8.056666667,6.781033333
RA-570,2024,2,Ágata,-1,Moderada,5.0,6.75,8.0020703935,8.002,5.625,7.1875,6.4075,6.8133640787
RA-571,2022,1,Ágata,-1,Moderada,5.0,3.7,8.8,8.5,7.5,,6.944,6.589
RA-571,2023,1,Ágata,-2,Moderada,5.0,5.0,7.9,9.0,3.77,7.291666667,7.616666667,6.6097
RA-571,2024,2,Ágata,-1,Moderada,5.0,5.25,8.695652174,7.002,4.375,7.03125,5.8325,6.2964554347999995
RA-572,2022,1,Ametista,0,Em fase,10.0,6.8,8.0,8.5,7.5,,6.833,7.48
RA-573,2022,1,Topázio,-1,Moderada,5.0,8.2,9.9,9.5,7.5,,8.944,8.261
RA-573,2023,2,Ametista,-1,Moderada,5.0,6.6,9.8,9.5,5.0,8.541666667,8.45,7.774366667
RA-573,2024,3,Ametista,0,Em fase,10.0,5.0,9.5,9.168,8.755,7.8125,6.8275,7.839050000000001
RA-574,2022,1,Ágata,-1,Moderada,5.0,7.5,7.2,9.5,5.0,,6.944,6.86
RA-574,2023,2,Ametista,0,Em fase,10.0,8.1,8.2,6.9,5.0,7.916666667,8.173333333,7.878133333
RA-575,2022,1,Quartzo,-2,Moderada,5.0,2.8,6.1,8.0,7.5,,7.0,5.889
RA-576,2022,1,Ametista,-1,Moderada,5.0,7.8,9.1,9.5,7.5,,7.111,7.59
RA-576,2023,1,Ametista,-1,Moderada,5.0,8.0,9.3,9.0,5.02,9.21875,8.503333333,7.984741667
RA-576,2024,2,Topázio,0,Em fase,10.0,9.25,10.0,8.502,7.51,7.8125,8.4975,8.93195
RA-577,2022,1,Ametista,-1,Moderada,5.0,9.0,9.3,9.5,7.5,,7.111,7.862
RA-577,2023,1,Ametista,-1,Moderada,5.0,7.4,8.2,10.0,3.77,6.875,7.673333333,7.219366667
RA-577,2024,2,Ágata,-1,Moderada,5.0,8.0,5.7660455485,8.502,5.625,6.5625,6.535,6.629159109700001
RA-578,2022,1,Topázio,-1,Moderada,5.0,9.5,10.0,9.5,8.8,,9.611,8.814
RA-578,2023,2,Topázio,0,Em fase,10.0,9.7,10.0,9.0,2.52,9.791666667,9.7625,9.013866667
RA-578,2024,3,Topázio,1,Em fase,10.0,9.833333333333334,10.0,10.002,2.51,9.583333333,9.45,9.066199999966669
RA-579,2022,1,Ágata,-1,Moderada,5.0,3.8,5.8,8.5,7.5,,7.222,6.067
RA-58,2022,5,Topázio,0,Em fase,10.0,7.2,9.2,9.6,6.3,,8.125,8.136
RA-58,2023,6,Ametista,0,Em fase,10.0,8.1,9.7,0.0,6.26,8.4375,8.3825,7.70625
RA-58,2024,7,Topázio,0,Em fase,10.0,7.333333333333333,9.824561403666666,9.585,7.51,9.0625,8.62,8.7713289474
RA-580,2022,1,Ametista,-1,Moderada,5.0,7.6,9.6,8.0,7.5,,7.167,7.525
RA-580,2023,1,Topázio,-1,Moderada,5.0,9.0,9.8,8.5,7.52,8.75,8.67,8.4712
RA-580,2024,2,Ametista,-1,Moderada,5.0,9.25,8.871635610999999,9.002,7.51,7.03125,7.2475,7.9281521222
RA-581,2022,1,Ágata,-1,Moderada,5.0,5.0,8.9,7.5,7.5,,5.889,6.464
RA-581,2023,1,Ametista,-1,Moderada,5.0,7.9,9.8,8.0,7.52,6.458333333,7.393333333,7.7167
RA-581,2024,2,Ametista,-1,Moderada,5.0,8.75,8.198757764,7.418,5.625,6.5625,6.165,7.0833015528
RA-582,2022,1,Ametista,-1,Moderada,5.0,4.9,9.0,10.0,7.5,,7.222,7.064
RA-583,2022,1,Ametista,-2,Moderada,5.0,7.1,9.4,8.5,7.5,,7.333,7.456
RA-583,2023,2,Ametista,-1,Moderada,5.0,6.3,9.4,9.0,7.52,8.333333333,8.616666667,7.838866667
RA-583,2024,3,Ametista,0,Em fase,10.0,5.0,8.904455179666668,7.917,8.135,6.875,6.87,7.447591035933334
RA-584,2022,1,Ágata,-1,Moderada,5.0,4.6,8.5,8.0,7.5,,7.333,6.714
RA-584,2023,2,Ametista,0,Em fase,10.0,5.8,9.0,9.5,2.52,8.333333333,8.56,7.697533333
RA-584,2024,3,Ágata,0,Em fase,10.0,4.333333333333333,5.636363636333333,8.751,8.755,7.34375,6.37,6.752914393933334
RA-585,2022,1,Ametista,0,Em fase,10.0,5.0,9.1,8.5,7.5,,6.889,7.398
RA-586,2022,1,Ametista,-1,Moderada,5.0,8.2,9.6,10.0,5.6,,8.778,7.988
RA-586,2023,2,Topázio,0,Em fase,10.0,8.4,10.0,8.0,2.52,8.333333333,9.343333333,8.4242
RA-586,2024,3,Topázio,1,Em fase,10.0,8.5,9.241269841333333,9.168,7.51,8.75,8.056666667,8.702387301666668
RA-587,2022,1,Ágata,-1,Moderada,5.0,3.8,9.3,9.5,7.5,,6.167,6.632
RA-587,2023,1,Ágata,-1,Moderada,5.0,2.7,7.0,8.5,7.52,6.458333333,6.72,6.032033333
RA-587,2024,1,Ágata,-2,Moderada,5.0,6.25,7.380952381,9.002,7.51,7.916666667,5.74,6.817057142900001
RA-588,2022,1,Topázio,0,Em fase,10.0,9.3,10.0,9.5,5.6,,8.278,8.622
RA-588,2023,2,Topázio,0,Em fase,10.0,7.8,9.6,8.0,2.52,8.958333333,9.673333333,8.3527
RA-588,2024,3,Topázio,1,Em fase,10.0,7.833333333333333,9.833333333333334,9.168,7.51,8.75,8.0,8.676133333333334
RA-589,2022,1,Ametista,0,Em fase,10.0,5.8,9.4,9.5,7.5,,7.056,7.744
RA-59,2022,5,Ametista,-2,Moderada,5.0,7.2,9.3,9.2,7.5,,7.917,7.642
RA-59,2023,6,Ametista,-2,Moderada,5.0,7.2,9.6,7.5,5.63,8.28125,8.4225,7.692291667
RA-59,2024,8,,0,Em fase,10.0,,0.0,,,,,
RA-590,2022,1,Ametista,-1,Moderada,5.0,7.4,8.6,8.5,7.5,,7.611,7.435
RA-590,2023,2,Ametista,0,Em fase,10.0,6.5,9.7,6.3,3.77,7.291666667,8.34,7.647666667
RA-590,2024,2,Ágata,-1,Moderada,5.0,4.0,8.457556936,8.002,6.26,7.5,7.723333333,6.712378053800001
RA-591,2022,1,Ametista,-1,Moderada,5.0,7.1,9.3,9.5,7.5,,7.389,7.507
RA-591,2023,2,Ametista,-1,Moderada,5.0,6.9,8.5,9.0,6.27,5.833333333,7.333333333,7.1472
RA-591,2024,2,Ágata,-1,Moderada,5.0,7.5,7.913043478500001,7.418,6.255,5.78125,6.54,6.8360336957
RA-592,2022,1,Ametista,-1,Moderada,5.0,8.4,8.5,8.0,5.6,,7.778,7.381
RA-592,2023,2,Ametista,0,Em fase,10.0,7.6,9.2,6.2,3.77,7.916666667,8.95,7.935466667
RA-592,2024,3,Ametista,1,Em fase,10.0,7.833333333333333,6.108152734666667,7.917,2.51,7.65625,7.625,7.121622213600001
RA-593,2022,1,Ágata,-1,Moderada,5.0,4.6,7.4,7.5,7.5,,6.278,6.254
RA-594,2022,1,Ametista,-1,Moderada,5.0,7.8,9.4,8.0,7.5,,6.889,7.392
RA-594,2023,1,Ágata,-1,Moderada,5.0,5.8,7.1,8.5,6.27,6.875,7.336666667,6.702033333
RA-594,2024,2,Ágata,0,Em fase,10.0,7.0,5.75,6.918,6.26,8.125,6.053333333,6.890966666600001
RA-595,2022,1,Quartzo,-2,Moderada,5.0,1.0,5.5,8.5,7.5,,6.0,5.18
RA-595,2023,2,Quartzo,-1,Moderada,5.0,3.3,7.0,0.0,7.52,6.666666667,5.55,5.078666667
RA-596,2022,1,Topázio,0,Em fase,10.0,9.3,10.0,9.5,7.5,,9.0,8.971
RA-597,2022,1,Topázio,0,Em fase,10.0,8.0,10.0,9.0,7.5,,7.056,8.265
RA-597,2023,1,Topázio,-1,Moderada,5.0,8.5,9.6,10.0,7.52,9.0625,8.56,8.49045
RA-597,2024,2,Ametista,0,Em fase,10.0,6.0,9.3271221535,9.002,7.51,7.5,6.883333333,7.843291097300001
RA-598,2022,1,Ágata,-1,Moderada,5.0,3.7,7.2,9.5,7.5,,6.944,6.35
RA-599,2022,1,Topázio,-1,Moderada,5.0,9.1,9.2,9.5,7.5,,8.556,8.2
RA-599,2023,2,Topázio,0,Em fase,10.0,8.5,9.5,10.0,2.52,8.333333333,9.286666667,8.532866667
RA-599,2024,3,Topázio,1,Em fase,10.0,7.666666666666667,8.607843137333333,10.002,9.375,7.083333333,7.28,8.3569352941
RA-6,2022,7,Quartzo,-1,Moderada,5.0,3.3,4.5,7.9,7.5,,7.222,5.848
RA-6,2023,8,,0,Em fase,10.0,,,,,,,
RA-6,2024,8,,0,Em fase,10.0,,0.0,,,,,
RA-60,2022,5,Quartzo,-3,Severa,2.5,4.9,6.0,6.7,7.5,,6.167,5.537
RA-600,2022,1,Ágata,0,Em fase,10.0,3.9,8.4,8.5,7.5,,6.833,7.011
RA-600,2023,1,Ametista,-1,Moderada,5.0,7.2,8.4,8.5,7.52,8.28125,8.056666667,7.651658333
RA-600,2024,2,Ametista,0,Em fase,10.0,7.5,8.010869565,8.002,7.51,7.5,7.22,7.847373913
RA-601,2022,1,Ametista,1,Em fase,10.0,5.7,9.7,9.0,7.5,,7.167,7.713
RA-601,2023,1,Topázio,0,Em fase,10.0,8.7,10.0,9.0,7.52,9.0625,8.336666667,8.955783333
RA-601,2024,1,Topázio,-1,Moderada,5.0,8.75,10.0,9.502,7.505,8.75,8.425,8.5107
RA-602,2022,1,Ametista,-1,Moderada,5.0,8.6,9.7,10.0,7.5,,7.667,8.041
RA-602,2023,2,Topázio,-1,Moderada,5.0,8.1,9.6,10.0,7.52,8.75,9.51,8.5592
RA-602,2024,3,Topázio,0,Em fase,10.0,7.333333333333333,9.670588235333334,9.585,7.51,8.28125,8.545,8.647409313733334
RA-603,2022,1,Ametista,-1,Moderada,5.0,7.5,9.5,9.0,7.5,,8.0,7.78
RA-603,2023,2,Ágata,0,Em fase,10.0,7.0,8.9,0.0,2.52,7.708333333,7.78,6.748833333
RA-603,2024,3,Ágata,0,Em fase,10.0,4.666666666666667,7.155555555666666,9.585,6.885,6.875,6.216666667,6.942277777866667
RA-604,2022,1,Ametista,-1,Moderada,5.0,8.8,9.0,9.0,7.5,,8.333,8.018
RA-604,2023,2,Topázio,0,Em fase,10.0,7.5,9.3,9.0,7.52,8.125,8.616666667,8.548033333
RA-604,2024,3,Ametista,1,Em fase,10.0,7.0,7.5029927763333335,8.334,8.13,6.40625,6.21,7.429623555266667
RA-605,2022,1,Ametista,-2,Moderada,5.0,7.1,9.3,6.9,6.9,,7.556,7.276
RA-605,2023,2,Ametista,-1,Moderada,5.0,6.8,9.5,9.0,7.52,7.291666667,7.84,7.709366667
RA-605,2024,3,Ágata,0,Em fase,10.0,2.6666666666666665,6.194444444333333,7.5,6.885,7.0,5.534,6.0175222222
RA-606,2022,1,Ágata,-1,Moderada,5.0,1.8,9.0,9.5,7.5,,6.111,6.127
RA-606,2023,1,Ametista,-1,Moderada,5.0,6.0,8.5,8.5,7.52,7.65625,8.223333333,7.402491667
RA-606,2024,2,Ágata,0,Em fase,10.0,3.25,7.6136363634999995,8.502,6.885,8.125,5.606666667,6.645260606100001
RA-607,2022,1,Ágata,-1,Moderada,5.0,4.0,8.1,6.8,7.5,,7.444,6.44
RA-607,2023,1,Ametista,-1,Moderada,5.0,6.8,7.5,8.0,7.52,7.96875,8.17,7.333075
RA-607,2024,2,Ametista,0,Em fase,10.0,7.0,7.4782608695,8.502,7.51,7.1875,7.165,7.6486021739000005
RA-608,2022,1,Ametista,-1,Moderada,5.0,6.3,9.6,7.8,7.5,,7.222,7.216
RA-608,2023,1,Ametista,-1,Moderada,5.0,6.2,7.5,10.0,7.52,7.96875,8.113333333,7.401741667
RA-608,2024,2,Quartzo,0,Em fase,10.0,4.25,3.054347826,9.002,6.885,7.1875,5.053333333,5.778986231800001
RA-609,2022,1,Ágata,-1,Moderada,5.0,6.0,7.6,8.5,7.5,,7.056,6.794
RA-609,2023,2,Ágata,-1,Moderada,5.0,5.3,6.4,9.5,7.52,6.875,6.216666667,6.463033333
RA-61,2022,5,Ametista,0,Em fase,10.0,5.8,7.4,9.2,7.5,,7.875,7.533
RA-61,2023,6,Ametista,0,Em fase,10.0,6.2,7.0,8.3,6.26,7.96875,7.4625,7.382108333
RA-610,2022,1,Topázio,0,Em fase,10.0,6.5,9.6,9.0,7.5,,8.5,8.18
RA-610,2023,2,Topázio,0,Em fase,10.0,7.0,10.0,10.0,2.52,8.541666667,8.896666667,8.2857
RA-610,2024,3,Ametista,1,Em fase,10.0,6.333333333333333,9.694444444333334,9.585,3.76,6.875,8.336666667,7.894888888933334
RA-611,2022,1,Ametista,-2,Moderada,5.0,9.5,7.6,9.5,7.5,,7.556,7.756
RA-612,2022,1,Ametista,-1,Moderada,5.0,7.9,9.2,9.0,7.5,,7.167,7.594
RA-612,2023,1,Topázio,-1,Moderada,5.0,9.7,9.7,9.0,3.77,9.0625,9.286666667,8.410783333
RA-612,2024,2,Topázio,0,Em fase,10.0,9.75,9.5454545455,8.002,6.26,9.6875,9.4,9.134040909100001
RA-613,2022,1,Topázio,-2,Moderada,5.0,9.2,9.2,9.0,7.5,,8.556,8.121
RA-613,2023,3,Ágata,-1,Moderada,5.0,4.8,9.4,9.2,5.0,6.71875,7.2125,6.864508333
RA-613,2024,3,Ametista,-1,Moderada,5.0,7.333333333333333,9.566666666666666,8.334,7.51,6.875,6.25,7.4019
RA-614,2022,1,Topázio,-2,Moderada,5.0,9.6,9.7,9.5,7.5,,8.278,8.339
RA-614,2023,2,Topázio,-1,Moderada,5.0,8.6,9.1,9.0,7.52,8.333333333,8.563333333,8.2282
RA-614,2024,3,Ametista,-1,Moderada,5.0,6.833333333333333,9.700000000000001,9.585,7.51,7.916666667,7.603333333,7.8284999999666685
RA-615,2022,1,Topázio,0,Em fase,10.0,7.3,9.7,9.5,7.5,,6.889,8.086
RA-615,2023,1,Ametista,-1,Moderada,5.0,7.6,9.7,10.0,3.14,8.28125,8.616666667,7.815658333
RA-616,2022,1,Ametista,-2,Moderada,5.0,8.8,7.4,7.4,7.5,,7.278,7.303
RA-616,2023,2,Quartzo,-1,Moderada,5.0,6.8,6.6,0.0,5.02,5.833333333,6.783333333,5.612
RA-616,2024,3,Quartzo,0,Em fase,10.0,3.8333333333333335,3.087719298333333,7.5,6.885,6.458333333,4.946666667,5.457877193033333
RA-617,2022,1,Ametista,-1,Moderada,5.0,6.3,8.9,8.5,7.5,,6.778,7.107
RA-617,2023,1,Ágata,-1,Moderada,5.0,6.9,9.0,0.0,7.52,7.708333333,8.116666667,6.816166667
RA-618,2022,1,Ametista,-2,Moderada,5.0,6.7,8.3,8.9,7.5,,7.333,7.18
RA-618,2023,2,Ágata,-2,Moderada,5.0,6.2,9.2,0.0,5.02,8.125,7.95,6.4745
RA-618,2024,3,Ágata,-2,Moderada,5.0,4.166666666666667,8.324074074,10.002,6.88,6.666666667,6.826666667,6.718348148233334
RA-619,2022,1,Ametista,-1,Moderada,5.0,9.0,8.0,9.5,7.5,,7.333,7.693
RA-619,2023,2,Ametista,0,Em fase,10.0,9.0,7.1,9.0,3.77,7.708333333,8.116666667,7.891366667
RA-62,2022,5,Ametista,-2,Moderada,5.0,9.3,9.4,8.8,7.5,,7.25,7.891
RA-62,2023,7,Ametista,0,Em fase,10.0,7.5,9.8,0.0,6.89,8.25,8.215,7.610333333
RA-62,2024,8,,0,Em fase,10.0,,0.0,,,,,
RA-620,2022,1,Ágata,-2,Moderada,5.0,6.8,7.5,0.0,7.5,,6.833,6.018
RA-620,2023,2,Ametista,-1,Moderada,5.0,6.2,8.4,6.8,7.52,6.875,7.503333333,7.043666667
RA-620,2024,3,Quartzo,0,Em fase,10.0,2.5,3.9841269843333333,8.334,7.51,7.083333333,5.886666667,5.766892063566667
RA-621,2022,1,Ametista,-1,Moderada,5.0,7.5,7.7,9.5,7.5,,8.222,7.448
RA-622,2022,1,Quartzo,-2,Moderada,5.0,3.8,3.8,3.5,7.5,,6.0,4.934
RA-623,2022,1,Ametista,-2,Moderada,5.0,8.3,9.0,7.5,7.5,,7.389,7.524
RA-623,2023,2,Ametista,-2,Moderada,5.0,7.3,9.5,10.0,7.52,7.291666667,7.446666667,7.8307
RA-623,2024,3,Ágata,-1,Moderada,5.0,4.0,7.3999999999999995,8.334,6.885,6.458333333,7.05,6.357733333300001
RA-624,2022,1,Ametista,-1,Moderada,5.0,6.8,8.9,9.0,7.5,,7.722,7.425
RA-624,2023,1,Topázio,-1,Moderada,5.0,8.6,9.2,9.0,7.52,8.90625,8.39,8.270825
RA-624,2024,2,Ametista,0,Em fase,10.0,4.0,8.219461698,8.002,7.51,7.916666667,7.213333333,7.229425672900001
RA-625,2022,1,Ametista,-1,Moderada,5.0,7.8,9.2,8.0,7.5,,7.333,7.483
RA-626,2022,1,Quartzo,-1,Moderada,5.0,1.3,7.6,7.4,7.5,,7.278,5.818
RA-626,2023,2,Ametista,-1,Moderada,5.0,6.5,9.2,9.0,4.39,7.291666667,7.613333333,7.231033333
RA-626,2024,3,Ágata,0,Em fase,10.0,5.333333333333333,3.380451127666667,9.585,6.885,7.291666667,6.443333333,6.407590225500001
RA-627,2022,1,Ágata,-1,Moderada,5.0,6.5,6.7,7.0,7.5,,7.0,6.621
RA-628,2022,1,Ametista,-1,Moderada,5.0,9.2,7.6,9.5,7.5,,7.333,7.577
RA-628,2023,1,Topázio,-2,Moderada,5.0,9.4,8.9,9.5,7.52,8.28125,8.45,8.370325
RA-628,2024,2,Topázio,-1,Moderada,5.0,9.0,10.0,9.002,7.51,7.1875,7.833333333,8.2366166666
RA-629,2022,1,Topázio,0,Em fase,10.0,7.0,10.0,9.0,7.5,,7.278,8.11
RA-629,2023,1,Topázio,-1,Moderada,5.0,7.5,9.4,10.0,7.52,7.916666667,7.95,8.013866667
RA-629,2024,2,Topázio,0,Em fase,10.0,6.0,9.523809524,10.002,7.51,7.5,7.276666667,8.061295238200001
RA-63,2022,5,Topázio,-1,Moderada,5.0,8.7,9.1,8.3,8.8,,9.417,8.282
RA-63,2023,6,Topázio,-1,Moderada,5.0,8.7,9.0,6.7,6.89,8.75,8.9675,8.0641
RA-630,2022,1,Topázio,0,Em fase,10.0,7.3,9.2,9.5,7.5,,7.278,8.064
RA-630,2023,1,Ametista,-1,Moderada,5.0,5.7,8.6,9.0,3.77,8.28125,8.673333333,7.199991667
RA-630,2024,2,Ágata,0,Em fase,10.0,5.75,8.4782608695,0.0,7.51,7.5,7.666666667,6.879985507300001
RA-631,2022,1,Ágata,-2,Moderada,5.0,7.0,6.8,8.5,7.5,,7.222,6.928
RA-631,2023,2,Quartzo,-1,Moderada,5.0,7.0,6.4,0.0,6.27,7.916666667,6.78,5.954666667
RA-631,2024,3,Ágata,0,Em fase,10.0,4.166666666666667,7.2122004356666665,8.334,8.75,5.625,6.245,6.795673420466667
RA-632,2022,1,Ágata,-1,Moderada,5.0,6.3,9.3,8.5,6.9,,6.722,6.996
RA-632,2023,2,Ametista,0,Em fase,10.0,7.4,9.1,4.7,5.64,8.333333333,8.563333333,7.8768
RA-632,2024,3,Ametista,0,Em fase,10.0,4.166666666666667,8.999164578333334,7.917,6.875,8.28125,7.875,7.515491249000001
RA-633,2022,1,Ametista,-1,Moderada,5.0,7.7,8.9,7.3,7.5,,7.833,7.476
RA-633,2023,2,Ágata,-1,Moderada,5.0,7.2,8.1,1.7,6.27,8.541666667,7.286666667,6.6552
RA-633,2024,3,Quartzo,0,Em fase,10.0,3.3333333333333335,4.707017544,4.584,2.51,6.875,6.1175,5.228470175466667
RA-634,2022,1,Ametista,-1,Moderada,5.0,6.5,9.4,9.5,7.5,,8.222,7.619
RA-635,2022,1,Quartzo,-1,Moderada,5.0,1.5,4.9,10.0,6.9,,6.444,5.313
RA-636,2022,1,Ametista,-1,Moderada,5.0,7.3,8.0,8.5,6.9,,7.389,7.189
RA-636,2023,1,Ágata,-1,Moderada,5.0,9.0,8.3,0.0,5.64,8.333333333,7.446666667,6.836666667
RA-636,2024,2,Ágata,0,Em fase,10.0,5.25,4.9043062200000005,8.002,7.51,6.875,5.553333333,6.3802279106
RA-637,2022,1,Ametista,-1,Moderada,5.0,5.8,9.0,8.5,7.5,,7.0,7.039
RA-637,2023,1,Topázio,-1,Moderada,5.0,8.5,9.5,8.0,7.52,8.333333333,8.17,8.109533333
RA-637,2024,2,Ametista,0,Em fase,10.0,7.75,6.2272727275,7.502,7.51,8.333333333,7.776666667,7.6853212122
RA-638,2022,1,Ametista,0,Em fase,10.0,3.9,9.3,8.5,7.5,,6.278,7.059
RA-638,2023,1,Ametista,-1,Moderada,5.0,6.5,9.4,9.0,7.52,8.333333333,7.946666667,7.754866667
RA-638,2024,2,Ágata,0,Em fase,10.0,5.0,5.7272727275,8.502,7.51,8.125,5.936666667,6.7464878789
RA-639,2022,1,Ágata,-1,Moderada,5.0,5.5,7.4,8.5,7.5,,6.611,6.613
RA-639,2023,2,Ametista,0,Em fase,10.0,6.3,8.1,7.4,6.27,8.125,7.62,7.5853
RA-639,2024,3,Quartzo,0,Em fase,10.0,3.8333333333333335,5.278195488666667,7.917,2.51,6.71875,6.1625,5.7693807644
RA-64,2022,5,Ametista,-1,Moderada,5.0,7.5,8.1,7.1,8.1,,8.25,7.368
RA-64,2023,6,Ametista,-1,Moderada,5.0,6.7,9.2,7.5,6.89,7.34375,7.9625,7.452541667
RA-64,2024,7,Topázio,0,Em fase,10.0,8.166666666666666,8.980785296666667,10.002,8.135,8.4375,8.283333333,8.743607059266667
RA-640,2022,1,Ágata,-1,Moderada,5.0,4.8,8.4,9.0,7.5,,6.778,6.73
RA-640,2023,1,Ágata,-2,Moderada,5.0,4.9,7.3,0.0,7.52,7.291666667,8.446666667,6.1105
RA-641,2022,1,Ametista,0,Em fase,10.0,6.5,9.3,9.0,7.5,,6.778,7.776
RA-642,2022,1,Ametista,-1,Moderada,5.0,7.3,9.7,10.0,6.9,,7.778,7.75
RA-642,2023,2,Topázio,0,Em fase,10.0,6.5,9.2,9.5,6.27,8.75,9.173333333,8.416866667
RA-642,2024,3,Ametista,0,Em fase,10.0,4.0,9.149206349333333,9.585,3.76,7.1875,6.9975,7.082591269866667
RA-643,2022,1,Ágata,-1,Moderada,5.0,6.2,8.0,9.0,7.5,,6.722,6.763
RA-643,2023,1,Ametista,-1,Moderada,5.0,7.1,8.2,9.5,7.52,6.041666667,7.613333333,7.389033333
RA-643,2024,2,Ágata,-1,Moderada,5.0,4.5,6.8660287085,9.002,7.51,8.125,5.826666667,6.402239075100001
RA-644,2022,1,Ametista,-1,Moderada,5.0,8.8,8.0,9.5,7.5,,8.278,7.83
RA-644,2023,2,Ágata,-1,Moderada,5.0,5.9,5.6,10.0,7.52,8.541666667,7.503333333,6.897033333
RA-645,2022,1,Ágata,-1,Moderada,5.0,2.0,8.1,8.5,7.5,,6.833,6.086
RA-645,2023,1,Ametista,-1,Moderada,5.0,7.3,8.5,9.0,6.27,8.125,8.116666667,7.613033333
RA-645,2024,2,Ametista,0,Em fase,10.0,5.25,8.3863636365,7.418,7.51,7.708333333,7.556666667,7.502239394
RA-646,2022,1,Topázio,-2,Moderada,5.0,8.4,9.8,8.5,8.1,,8.389,8.181
RA-646,2023,2,Topázio,-1,Moderada,5.0,8.4,8.9,10.0,7.52,8.958333333,8.783333333,8.3547
RA-646,2024,3,Ametista,-1,Moderada,5.0,6.166666666666667,9.266666666666667,10.002,7.51,8.28125,7.7475,7.715491666666668
RA-647,2022,1,Ágata,-1,Moderada,5.0,3.3,8.6,9.5,7.5,,7.278,6.606
RA-647,2023,1,Ametista,-1,Moderada,5.0,5.2,8.7,7.3,6.27,7.708333333,8.446666667,7.100566667
RA-648,2022,1,Ágata,-2,Moderada,5.0,5.3,7.5,9.0,6.9,,7.5,6.736
RA-649,2022,1,Ametista,-2,Moderada,5.0,7.4,8.9,8.5,5.6,,7.611,7.302
RA-649,2023,2,Ametista,-1,Moderada,5.0,6.5,9.3,9.0,3.77,8.75,8.836666667,7.579533333
RA-649,2024,3,Ágata,0,Em fase,10.0,3.6666666666666665,6.004481792666667,8.751,8.76,8.333333333,7.333333333,6.985329691766667
RA-65,2022,5,Ametista,-2,Moderada,5.0,9.3,7.7,8.3,7.5,,7.875,7.712
RA-650,2022,1,Ágata,-1,Moderada,5.0,6.9,8.7,6.9,5.6,,7.5,7.004
RA-651,2022,1,Ametista,-1,Moderada,5.0,7.8,9.3,8.5,7.5,,8.333,7.866
RA-651,2023,2,Ametista,0,Em fase,10.0,9.3,8.2,0.0,3.77,8.75,7.95,7.332
RA-651,2024,3,Topázio,1,Em fase,10.0,7.5,10.0,9.168,7.51,8.541666667,8.336666667,8.689300000100001
RA-652,2022,1,Topázio,0,Em fase,10.0,7.8,9.6,8.0,7.5,,7.5,8.151
RA-652,2023,1,Ametista,-1,Moderada,5.0,7.0,9.4,9.0,6.89,8.125,8.446666667,7.871033333
RA-652,2024,2,Ametista,0,Em fase,10.0,5.5,6.931818182000001,8.002,7.51,7.916666667,7.663333333,7.361896969700001
RA-653,2022,1,Topázio,-1,Moderada,5.0,9.3,9.6,9.5,7.5,,7.5,8.101
RA-653,2023,2,Ametista,-1,Moderada,5.0,7.9,9.8,0.0,6.27,9.166666667,9.06,7.385666667
RA-653,2024,3,Topázio,0,Em fase,10.0,5.166666666666667,9.537254901999999,8.751,8.76,8.333333333,7.89,8.103217647033333
RA-654,2022,1,Ametista,-2,Moderada,5.0,6.8,8.6,8.5,7.5,,7.556,7.308
RA-655,2022,1,Ametista,-2,Moderada,5.0,8.3,9.2,7.5,7.5,,8.389,7.785
RA-655,2023,2,Topázio,-1,Moderada,5.0,8.3,9.9,7.4,7.52,9.166666667,8.896666667,8.3198
RA-655,2024,3,Topázio,0,Em fase,10.0,6.833333333333333,10.0,7.501,8.76,8.125,7.166666667,8.238600000066668
RA-656,2022,1,Ágata,-1,Moderada,5.0,6.3,7.5,7.4,5.6,,7.5,6.652
RA-656,2023,2,Ágata,-1,Moderada,5.0,7.3,8.9,0.0,7.52,8.541666667,7.173333333,6.780833333
RA-656,2024,3,Ágata,0,Em fase,10.0,4.166666666666667,5.978431372666667,9.168,7.51,7.5,6.106666667,6.668152941266667
RA-657,2022,1,Topázio,-2,Moderada,5.0,9.0,9.8,9.5,7.5,,7.5,8.093
RA-657,2023,2,Topázio,-1,Moderada,5.0,8.2,10.0,8.5,7.52,8.75,8.73,8.3532
RA-657,2024,3,Topázio,0,Em fase,10.0,7.5,9.6,8.751,6.885,8.125,7.056666667,8.207433333400001
RA-658,2022,1,Ametista,-1,Moderada,5.0,5.6,9.3,10.0,7.5,,7.917,7.407
RA-658,2023,2,Topázio,0,Em fase,10.0,6.1,9.5,9.5,7.52,7.916666667,9.173333333,8.438533333
RA-658,2024,3,Ametista,1,Em fase,10.0,3.6666666666666665,10.0,8.751,8.135,7.375,6.738,7.507033333333333
RA-659,2022,1,Ametista,-1,Moderada,5.0,9.3,7.8,8.0,7.5,,8.333,7.783
RA-66,2022,5,Quartzo,-2,Moderada,5.0,4.5,5.6,7.5,7.5,,5.917,5.665
RA-660,2022,1,Topázio,0,Em fase,10.0,6.9,9.0,9.5,7.5,,9.083,8.363
RA-661,2022,1,Ametista,-1,Moderada,5.0,7.8,8.3,9.0,7.5,,7.917,7.593
RA-661,2023,2,Ágata,0,Em fase,10.0,6.5,7.7,0.0,6.89,7.5,7.836666667,6.846333333
RA-662,2022,1,Ametista,-1,Moderada,5.0,6.8,8.8,9.0,7.5,,6.083,7.044
RA-662,2023,2,Ágata,-1,Moderada,5.0,6.7,7.6,6.8,6.27,7.291666667,6.72,6.733566667
RA-662,2024,3,Ametista,0,Em fase,10.0,4.166666666666667,7.6107226106666666,7.917,7.51,7.625,7.234,7.1074778554666675
RA-663,2022,1,Ágata,-1,Moderada,5.0,5.8,8.7,6.9,7.5,,5.25,6.376
RA-663,2023,1,Ágata,-1,Moderada,5.0,7.0,7.4,6.9,7.52,6.666666667,7.393333333,6.969133333
RA-663,2024,2,Ágata,-1,Moderada,5.0,6.5,7.0910973085,8.502,5.625,6.875,6.89,6.696419461700001
RA-664,2022,1,Ametista,-1,Moderada,5.0,6.3,8.8,9.5,7.5,,7.167,7.277
RA-664,2023,1,Topázio,-1,Moderada,5.0,8.0,9.6,9.0,7.52,7.916666667,8.116666667,8.0872
RA-664,2024,2,Ametista,0,Em fase,10.0,5.75,6.7734553775,9.002,7.51,8.125,7.666666667,7.5017244089
RA-665,2022,1,Ágata,-1,Moderada,5.0,6.8,7.4,9.0,7.5,,7.25,6.996
RA-665,2023,1,Ágata,-1,Moderada,5.0,5.2,4.9,9.5,2.52,8.28125,8.226666667,6.185658333
RA-665,2024,2,Quartzo,-1,Moderada,5.0,4.75,5.068181818,8.334,5.63,7.5,5.443333333,5.698703030200001
RA-666,2022,1,Ametista,-1,Moderada,5.0,7.8,9.1,9.5,7.5,,8.833,7.929
RA-666,2023,2,Topázio,0,Em fase,10.0,7.1,9.1,9.5,7.52,8.541666667,9.62,8.720366667
RA-666,2024,3,Topázio,0,Em fase,10.0,7.166666666666667,7.881527348,10.002,7.51,7.5,8.375,8.185838802933334
RA-667,2022,1,Quartzo,-1,Moderada,5.0,4.5,5.6,8.5,7.5,,5.833,5.844
RA-667,2023,2,Ágata,-1,Moderada,5.0,5.2,6.9,9.0,6.89,7.083333333,7.836666667,6.774866667
RA-667,2024,3,Ametista,0,Em fase,10.0,4.666666666666667,7.038986354666666,9.168,7.51,7.75,6.966,7.177130604266668
RA-668,2022,1,Quartzo,-1,Moderada,5.0,2.8,3.3,6.9,7.5,,3.75,4.365
RA-668,2023,2,Ágata,-1,Moderada,5.0,3.4,6.3,6.3,7.52,6.875,7.616666667,6.017933333
RA-669,2022,1,Ametista,-1,Moderada,5.0,6.0,9.7,9.0,7.5,,7.833,7.475
RA-669,2023,2,Ametista,0,Em fase,10.0,5.0,7.8,8.5,7.52,7.708333333,7.06,7.345033333
RA-669,2024,3,Ágata,0,Em fase,10.0,5.333333333333333,4.851851851666666,7.5,7.51,7.291666667,6.883333333,6.6438703703
RA-67,2022,5,Quartzo,-1,Moderada,5.0,3.6,3.0,5.8,7.5,,6.889,5.195
RA-670,2022,1,Ametista,-1,Moderada,5.0,6.9,8.8,8.0,7.5,,8.167,7.451
RA-670,2023,2,Topázio,0,Em fase,10.0,7.0,8.7,9.5,7.52,8.958333333,9.343333333,8.6067
RA-670,2024,3,Topázio,1,Em fase,10.0,8.666666666666666,9.441269841333334,9.585,7.51,8.958333333,8.166666667,8.8602539683
RA-671,2022,0,Ametista,-1,Moderada,5.0,8.8,8.2,8.5,8.1,,7.417,7.617
RA-671,2023,0,Ágata,-2,Moderada,5.0,7.8,8.3,7.9,3.14,5.625,5.68,6.5143
RA-672,2022,0,Ametista,-1,Moderada,5.0,8.8,8.5,8.5,8.1,,6.75,7.48
RA-672,2023,0,Ágata,-2,Moderada,5.0,6.4,9.5,7.9,2.52,5.625,6.43,6.5623
RA-672,2024,1,Quartzo,-1,Moderada,5.0,0.0,3.9525691700000003,7.918,6.26,6.041666667,4.496666667,4.2118138341
RA-673,2022,0,Topázio,0,Em fase,10.0,9.2,9.2,8.5,8.1,,8.583,8.65
RA-674,2022,0,Ametista,0,Em fase,10.0,8.0,8.7,9.5,8.1,,6.333,7.862
RA-674,2023,0,Ágata,-1,Moderada,5.0,5.2,8.5,7.9,3.77,5.0,8.67,6.6328
RA-675,2022,0,Ametista,0,Em fase,10.0,7.4,6.6,10.0,8.1,,7.083,7.576
RA-675,2023,0,Topázio,0,Em fase,10.0,8.3,8.0,10.0,7.52,6.875,8.34,8.3577
RA-676,2022,0,Ametista,-1,Moderada,5.0,9.3,8.6,8.5,8.1,,8.167,7.911
RA-677,2022,0,Topázio,0,Em fase,10.0,7.3,9.4,10.0,7.5,,8.583,8.358
RA-677,2023,0,Topázio,-1,Moderada,5.0,8.7,8.2,10.0,10.0,6.875,9.84,8.5257
RA-678,2022,0,Ametista,-1,Moderada,5.0,7.3,10.0,9.0,6.9,,9.5,8.0
RA-678,2023,1,Ametista,-1,Moderada,5.0,7.3,8.8,8.0,6.27,7.65625,8.336666667,7.570158333
RA-679,2022,0,Ametista,-2,Moderada,5.0,6.3,8.2,9.0,7.5,,7.833,7.172
RA-679,2023,1,Ágata,-1,Moderada,5.0,3.6,7.5,7.5,5.02,6.875,7.393333333,6.138366667
RA-68,2022,5,Ágata,-1,Moderada,5.0,4.0,6.0,8.3,7.5,,7.944,6.438
RA-680,2022,0,Ametista,-2,Moderada,5.0,7.4,8.8,9.5,7.5,,7.75,7.518
RA-680,2023,1,Ágata,-1,Moderada,5.0,6.4,9.1,0.0,7.52,6.875,7.78,6.5855
RA-680,2024,2,Quartzo,-1,Moderada,5.0,3.0,6.6428571430000005,0.0,5.635,6.666666667,6.606666667,4.9800714287000005
RA-681,2022,0,Ametista,-2,Moderada,5.0,6.5,8.5,8.5,6.9,,8.0,7.204
RA-681,2023,0,Ágata,-2,Moderada,5.0,8.3,7.8,0.0,3.77,5.625,8.18,6.2955
RA-681,2024,1,Ágata,-1,Moderada,5.0,2.5,7.840909091,9.502,6.26,5.625,6.665,6.0398818182000005
RA-682,2022,0,Ametista,-2,Moderada,5.0,7.0,9.1,9.5,7.5,,8.083,7.625
RA-683,2022,0,Ágata,-2,Moderada,5.0,4.0,5.0,7.9,7.5,,8.083,6.011
RA-684,2022,0,Topázio,0,Em fase,10.0,9.3,7.5,9.5,8.1,,7.917,8.26
RA-684,2023,0,Ametista,0,Em fase,10.0,6.5,8.1,9.0,7.52,6.875,5.84,7.4277
RA-684,2024,1,Ametista,0,Em fase,10.0,4.25,9.090909091,10.002,7.51,7.5,8.0,7.769381818200001
RA-685,2022,0,Ágata,-1,Moderada,5.0,8.0,6.2,9.0,5.0,,7.833,6.864
RA-686,2022,0,Ametista,-1,Moderada,5.0,8.8,8.6,7.5,8.1,,8.083,7.729
RA-686,2023,1,Ametista,-1,Moderada,5.0,8.0,9.0,8.5,7.52,7.5,8.56,7.9642
RA-686,2024,2,Topázio,0,Em fase,10.0,7.25,8.7857142855,8.002,6.885,8.4375,7.503333333,8.040259523700001
RA-687,2022,0,Ametista,-1,Moderada,5.0,8.3,9.0,8.5,8.1,,8.0,7.703
RA-687,2023,1,Ametista,-1,Moderada,5.0,6.9,9.0,8.0,7.52,7.5,8.226666667,7.617533333
RA-687,2024,2,Topázio,0,Em fase,10.0,7.25,9.2355889725,7.502,7.51,8.75,8.003333333,8.2739844611
RA-688,2022,0,Ametista,-1,Moderada,5.0,7.9,9.7,8.5,7.5,,7.917,7.771
RA-688,2023,1,Topázio,-1,Moderada,5.0,8.6,9.3,8.5,7.52,7.5,8.06,8.0442
RA-688,2024,2,Topázio,0,Em fase,10.0,7.5,10.0,9.502,8.13,8.333333333,9.45,8.986533333300002
RA-689,2022,0,Ágata,-1,Moderada,5.0,5.8,7.9,7.4,5.6,,6.667,6.433
RA-69,2022,5,Quartzo,-1,Moderada,5.0,2.5,6.1,8.3,7.5,,6.167,5.718
RA-690,2022,0,Ametista,-1,Moderada,5.0,7.0,9.5,9.5,7.5,,7.417,7.541
RA-690,2023,0,Topázio,-2,Moderada,5.0,9.1,9.8,9.0,6.89,7.5,10.01,8.6112
RA-690,2024,1,Ametista,-1,Moderada,5.0,6.25,8.409090909,7.918,7.51,8.4375,7.835,7.3853681818000005
RA-691,2022,0,Topázio,0,Em fase,10.0,9.4,9.2,10.0,8.1,,7.917,8.68
RA-692,2022,0,Ametista,-1,Moderada,5.0,6.9,8.9,9.5,8.1,,7.917,7.569
RA-692,2023,1,Ágata,-1,Moderada,5.0,4.6,7.7,7.4,7.52,6.666666667,7.39,6.588466667
RA-693,2022,0,Ametista,0,Em fase,10.0,5.7,9.8,9.5,8.1,,7.667,7.944
RA-693,2023,0,Topázio,0,Em fase,10.0,8.5,9.4,10.0,6.89,7.5,10.01,9.0112
RA-693,2024,1,Topázio,0,Em fase,10.0,8.0,9.5227272725,10.002,9.38,7.8125,8.42,8.9079954545
RA-694,2022,0,Topázio,0,Em fase,10.0,8.1,9.0,10.0,8.1,,7.917,8.378
RA-695,2022,0,Quartzo,0,Em fase,10.0,2.5,3.1,9.0,7.5,,2.5,4.28
RA-696,2022,0,Ametista,-1,Moderada,5.0,6.6,9.0,8.5,7.5,,8.167,7.441
RA-696,2023,1,Ametista,0,Em fase,10.0,6.7,9.4,0.0,5.02,7.5,8.503333333,7.172666667
RA-696,2024,2,Ametista,0,Em fase,10.0,5.25,7.845238095,7.418,7.51,7.708333333,8.0,7.482680952299999
RA-697,2022,0,Ametista,-2,Moderada,5.0,8.4,9.3,7.0,7.5,,8.083,7.675
RA-698,2022,0,Ametista,-1,Moderada,5.0,8.1,9.8,9.0,2.5,,8.083,7.44
RA-698,2023,1,Ametista,0,Em fase,10.0,5.7,9.9,8.5,2.52,7.1875,8.113333333,7.553616667
RA-698,2024,2,Ametista,0,Em fase,10.0,4.5,8.3214285715,9.002,6.88,7.291666667,7.273333333,7.3363190476
RA-699,2022,0,Ágata,-1,Moderada,5.0,7.1,9.2,5.2,7.5,,6.0,6.658
RA-699,2023,1,Ágata,-1,Moderada,5.0,6.0,8.3,8.5,3.77,5.78125,6.173333333,6.389991667
RA-699,2024,1,Ágata,-1,Moderada,5.0,6.5,7.727272727000001,6.334,6.26,6.5625,5.833333333,6.427771212000001
RA-7,2022,7,Ágata,-1,Moderada,5.0,7.6,8.4,0.0,7.5,,7.667,6.818
RA-7,2023,8,,0,Em fase,10.0,,,,,,,
RA-7,2024,8,,0,Em fase,10.0,,0.0,,,,,
RA-70,2022,5,Quartzo,-1,Moderada,5.0,2.9,6.6,8.8,5.0,,6.111,5.712
RA-70,2023,5,Ágata,-2,Moderada,5.0,4.3,9.2,9.2,5.0,7.5,7.545,6.869133333
RA-700,2022,0,Ametista,-1,Moderada,5.0,9.2,8.7,9.0,7.5,,7.083,7.738
RA-700,2023,0,Topázio,-1,Moderada,5.0,7.8,9.7,9.5,7.52,6.25,9.84,8.2852
RA-700,2024,1,Ametista,-1,Moderada,5.0,5.25,9.564393939,8.502,5.635,7.291666667,7.0,7.005745454500001
RA-701,2022,0,Ametista,-2,Moderada,5.0,8.7,9.3,9.0,7.5,,7.417,7.755
RA-701,2023,0,Ametista,-2,Moderada,5.0,7.2,9.9,9.5,3.77,6.25,7.68,7.3982
RA-702,2022,0,Ametista,0,Em fase,10.0,6.8,8.6,10.0,5.0,,7.0,7.387
RA-702,2023,0,Topázio,-1,Moderada,5.0,9.3,10.0,10.0,5.63,7.5,7.833333333,8.239866667
RA-702,2024,0,Ametista,-2,Moderada,5.0,9.25,9.75,9.002,2.51,7.8125,7.163333333,7.665116666600001
RA-703,2022,0,Ágata,-2,Moderada,5.0,5.1,7.4,7.5,5.0,,6.833,6.099
RA-703,2023,0,Ágata,-2,Moderada,5.0,4.6,8.4,9.5,3.14,6.875,6.16,6.2737
RA-704,2022,0,Ágata,-2,Moderada,5.0,7.2,8.6,9.0,5.0,,6.583,6.741
RA-704,2023,0,Ágata,-2,Moderada,5.0,6.1,9.9,10.0,3.14,5.625,6.265,6.8297
RA-704,2024,1,Ágata,-1,Moderada,5.0,6.5,8.646245059,7.502,5.635,6.458333333,6.616666667,6.8121156785000005
RA-705,2022,0,Ágata,-2,Moderada,5.0,7.1,6.2,9.5,7.5,,6.333,6.634
RA-705,2023,0,Ágata,-2,Moderada,5.0,8.8,8.3,0.0,6.89,7.5,8.165,6.982
RA-705,2024,1,Quartzo,-1,Moderada,5.0,3.5,6.4285714285,9.002,5.005,5.625,4.226666667,5.294247619100001
RA-706,2022,0,Ametista,-2,Moderada,5.0,9.1,6.7,9.5,7.5,,8.417,7.659
RA-706,2023,0,Ametista,-2,Moderada,5.0,7.3,7.8,9.0,4.39,6.875,8.08,7.1527
RA-706,2024,2,Quartzo,0,Em fase,10.0,3.25,7.1428571430000005,0.0,6.26,7.65625,7.0,5.8701964286
RA-707,2022,0,Ametista,-2,Moderada,5.0,8.5,8.1,10.0,6.9,,8.083,7.679
RA-707,2023,1,Ágata,-1,Moderada,5.0,6.5,9.8,0.0,3.77,7.916666667,7.946666667,6.518
RA-707,2024,2,Ágata,-1,Moderada,5.0,6.5,7.7236842105,7.917,4.375,6.40625,6.415,6.4975618421000005
RA-708,2022,0,Ametista,-1,Moderada,5.0,7.3,8.4,8.0,7.5,,7.583,7.282
RA-708,2023,0,Ametista,-1,Moderada,5.0,9.2,9.8,0.0,7.52,8.125,8.28,7.5105
RA-709,2022,0,Quartzo,-2,Moderada,5.0,2.3,3.5,9.5,7.5,,7.083,5.313
RA-709,2023,0,Ágata,-2,Moderada,5.0,4.9,7.9,10.0,7.52,5.625,6.59,6.6927
RA-709,2024,1,Ágata,-1,Moderada,5.0,6.0,7.994071146,7.418,7.51,6.875,6.773333333,6.833780895800001
RA-71,2022,5,Quartzo,-2,Moderada,5.0,1.2,2.0,7.9,7.5,,5.833,4.332
RA-71,2023,6,Ametista,-2,Moderada,5.0,6.6,9.8,6.7,6.26,7.5,7.7125,7.3651
RA-710,2022,0,Ametista,-2,Moderada,5.0,6.9,8.9,9.5,5.0,,8.0,7.285
RA-710,2023,1,Ametista,-1,Moderada,5.0,6.5,9.0,9.5,3.77,7.083333333,7.113333333,7.0582
RA-710,2024,2,Ametista,-1,Moderada,5.0,6.75,8.170995671,9.168,5.625,7.65625,6.5375,7.0366241342
RA-711,2022,0,Ágata,-1,Moderada,5.0,3.5,7.9,9.0,6.3,,6.0,6.04
RA-712,2022,0,Ágata,-2,Moderada,5.0,8.0,5.1,8.0,5.0,,5.833,6.026
RA-712,2023,1,Ágata,-2,Moderada,5.0,6.7,5.6,9.5,3.14,7.5,6.836666667,6.331533333
RA-712,2024,2,Ágata,-1,Moderada,5.0,6.75,5.983436853,7.502,5.625,6.5625,6.04,6.2236373706000006
RA-713,2022,0,Ametista,-1,Moderada,5.0,7.8,8.7,10.0,7.5,,7.25,7.42
RA-713,2023,1,Ametista,-1,Moderada,5.0,7.5,9.6,8.0,3.77,6.875,8.166666667,7.408033333
RA-713,2024,2,Ametista,0,Em fase,10.0,6.75,7.525879916999999,8.002,7.51,7.03125,6.79,7.467500983400001
RA-714,2022,0,Ágata,-2,Moderada,5.0,8.0,6.9,9.0,5.6,,7.25,6.953
RA-714,2023,1,Ágata,-2,Moderada,5.0,7.4,8.0,0.0,3.14,7.5,7.223333333,6.078666667
RA-714,2024,2,Quartzo,-1,Moderada,5.0,4.0,6.873706004,0.0,6.255,7.65625,6.9975,5.4653662008
RA-715,2022,0,Ágata,-1,Moderada,5.0,4.9,8.7,8.5,4.4,,7.917,6.656
RA-715,2023,0,Quartzo,-2,Moderada,5.0,5.4,9.5,0.0,3.14,5.625,7.675,5.8915
RA-715,2024,2,Quartzo,0,Em fase,10.0,2.75,5.250626566499999,9.002,3.755,5.0,4.67,5.3098253133
RA-716,2022,0,Ágata,-1,Moderada,5.0,6.7,8.1,8.9,7.5,,5.417,6.525
RA-716,2023,1,Ágata,-1,Moderada,5.0,5.6,8.7,9.0,3.77,6.875,7.443333333,6.813366667
RA-716,2024,1,Ágata,-1,Moderada,5.0,5.75,5.5335968375,9.002,7.51,6.71875,5.7875,6.2372943675000005
RA-717,2022,0,Ágata,-2,Moderada,5.0,5.4,7.3,9.0,7.5,,7.917,6.832
RA-717,2023,1,Ágata,-1,Moderada,5.0,5.9,8.5,0.0,7.52,8.125,8.446666667,6.633833333
RA-718,2022,0,Topázio,0,Em fase,10.0,9.2,8.9,8.0,6.3,,7.417,8.093
RA-718,2023,1,Topázio,0,Em fase,10.0,7.8,9.1,9.5,3.77,7.916666667,8.39,8.166866667
RA-718,2024,2,Topázio,1,Em fase,10.0,9.5,9.5138888885,10.002,5.635,7.5,7.946666667,8.705811111100001
RA-719,2022,0,Quartzo,-2,Moderada,5.0,4.2,4.6,9.0,7.5,,6.083,5.552
RA-719,2023,0,Ágata,-2,Moderada,5.0,5.9,5.3,9.5,7.52,5.625,7.095,6.4137
RA-719,2024,1,Ametista,-1,Moderada,5.0,6.5,7.3484848485,10.002,7.51,7.5,6.7425,7.1193969697
RA-72,2022,5,Ametista,-2,Moderada,5.0,7.8,7.5,8.3,7.5,,8.667,7.64
RA-720,2022,0,Ágata,-1,Moderada,5.0,7.6,5.9,8.0,7.5,,7.083,6.731
RA-721,2022,0,Ametista,0,Em fase,10.0,7.6,8.1,9.5,7.5,,7.917,7.973
RA-721,2023,1,Topázio,0,Em fase,10.0,8.4,9.5,8.5,7.52,8.125,8.443333333,8.683366667
RA-721,2024,2,Topázio,0,Em fase,10.0,8.25,9.544513457499999,9.002,8.135,8.75,8.755,8.8986026915
RA-722,2022,0,Ametista,-1,Moderada,5.0,8.1,8.1,10.0,4.4,,8.333,7.41
RA-722,2023,1,Ametista,-1,Moderada,5.0,6.4,9.6,8.5,2.52,8.125,8.67,7.3387
RA-723,2022,0,Ametista,0,Em fase,10.0,5.5,6.6,10.0,8.1,,8.167,7.426
RA-724,2022,0,Ágata,0,Em fase,10.0,5.6,5.9,9.5,5.6,,8.0,6.931
RA-725,2022,0,Ágata,0,Em fase,10.0,5.0,5.9,8.0,8.1,,5.5,6.33
RA-725,2023,0,Topázio,-1,Moderada,5.0,8.4,9.0,9.5,7.52,8.125,8.113333333,8.117366667
RA-725,2024,0,Ametista,-1,Moderada,5.0,7.25,7.6710526315,7.502,7.51,7.5,6.773333333,7.0900771929
RA-726,2022,0,Ágata,0,Em fase,10.0,4.4,7.5,10.0,7.5,,6.583,6.985
RA-726,2023,0,Ametista,0,Em fase,10.0,6.0,6.1,10.0,7.52,5.625,8.17,7.3687
RA-727,2022,0,Ametista,0,Em fase,10.0,8.4,7.7,9.0,8.1,,6.75,7.736
RA-727,2023,0,Ametista,-1,Moderada,5.0,8.0,8.8,9.5,2.52,7.5,9.34,7.6802
RA-727,2024,1,Topázio,0,Em fase,10.0,8.5,8.4848484845,10.002,6.26,8.125,8.056666667,8.447003030300001
RA-728,2022,0,Topázio,0,Em fase,10.0,9.1,7.3,9.5,8.1,,8.167,8.244
RA-729,2022,0,Topázio,0,Em fase,10.0,8.1,8.7,10.0,8.1,,7.25,8.155
RA-729,2023,0,Ametista,-1,Moderada,5.0,8.6,9.1,8.0,3.77,6.5625,7.01,7.26545
RA-729,2024,0,Ágata,-1,Moderada,5.0,6.0,8.4166666665,8.002,2.51,7.5,7.5,6.684533333300001
RA-73,2022,5,Quartzo,-2,Moderada,5.0,3.3,3.0,7.1,7.5,,7.278,5.271
RA-730,2022,0,Ametista,-2,Moderada,5.0,8.3,8.2,10.0,8.8,,8.25,7.902
RA-730,2023,1,Ametista,-1,Moderada,5.0,7.8,8.7,10.0,5.02,9.53125,8.67,7.979325
RA-730,2024,2,Topázio,0,Em fase,10.0,9.5,7.152777778,8.002,6.885,9.166666667,8.666666667,8.469255555700002
RA-731,2022,0,Ametista,-2,Moderada,5.0,7.3,8.5,9.0,6.9,,7.083,7.151
RA-731,2023,1,Ágata,-1,Moderada,5.0,6.8,7.6,8.5,3.14,7.5,7.45,6.7742
RA-731,2024,2,Quartzo,-1,Moderada,5.0,2.5,4.188311688500001,9.502,4.375,5.78125,4.835,4.7704873377000006
RA-732,2022,0,Ametista,-1,Moderada,5.0,7.2,7.9,9.0,8.8,,7.5,7.347
RA-733,2022,0,Ágata,-1,Moderada,5.0,5.1,8.5,9.5,5.6,,6.917,6.684
RA-733,2023,1,Topázio,0,Em fase,10.0,6.2,8.7,10.0,7.52,8.333333333,8.893333333,8.3342
RA-733,2024,1,Topázio,-1,Moderada,5.0,9.25,10.0,10.002,7.51,8.90625,9.085,8.808825
RA-734,2022,0,Ágata,-2,Moderada,5.0,7.3,7.2,9.5,5.6,,7.417,6.952
RA-734,2023,1,Ametista,-1,Moderada,5.0,6.9,8.0,8.5,7.52,7.34375,7.446666667,7.305908333
RA-735,2022,0,Ametista,-2,Moderada,5.0,7.3,9.0,9.0,5.6,,8.583,7.485
RA-735,2023,1,Ametista,-1,Moderada,5.0,8.1,9.0,0.0,7.52,8.333333333,8.393333333,7.184
RA-735,2024,2,Ametista,-1,Moderada,5.0,8.0,9.782608695499999,8.002,6.255,7.65625,7.705,7.7888467391
RA-736,2022,0,Ágata,-2,Moderada,5.0,5.4,8.5,9.0,5.6,,7.0,6.707
RA-736,2023,1,Ametista,-1,Moderada,5.0,6.7,9.5,8.5,6.27,7.708333333,8.11,7.600033333
RA-737,2022,0,Ametista,-1,Moderada,5.0,9.0,9.2,9.5,5.6,,9.167,8.058
RA-737,2023,1,Topázio,0,Em fase,10.0,7.5,7.8,9.5,7.52,7.291666667,7.783333333,8.048033333
RA-737,2024,2,Topázio,0,Em fase,10.0,9.25,8.6542443065,8.502,6.885,7.5,8.0,8.4695488613
RA-738,2022,0,Ametista,0,Em fase,10.0,5.7,8.1,8.5,5.6,,7.5,7.227
RA-738,2023,1,Topázio,0,Em fase,10.0,6.0,9.3,8.0,7.52,8.4375,8.336666667,8.123283333
RA-738,2024,1,Ametista,-1,Moderada,5.0,7.25,7.292490119,10.002,6.885,6.875,7.39,7.2626980238000005
RA-739,2022,0,Ágata,0,Em fase,10.0,5.9,7.3,6.4,5.6,,7.083,6.82
RA-739,2023,0,Ametista,-1,Moderada,5.0,7.6,8.3,9.0,7.52,6.25,8.25,7.5972
RA-74,2022,5,Quartzo,-1,Moderada,5.0,2.0,3.3,9.6,7.5,,5.833,4.989
RA-740,2022,0,Ametista,-1,Moderada,5.0,7.2,9.0,8.5,5.6,,7.5,7.218
RA-740,2023,0,Ametista,-2,Moderada,5.0,9.1,8.7,0.0,7.52,6.875,8.925,7.2845
RA-740,2024,1,Topázio,-1,Moderada,5.0,8.0,9.555335968,9.002,7.51,8.541666667,8.223333333,8.1611005269
RA-741,2022,0,Ágata,-2,Moderada,5.0,6.3,8.4,9.5,5.6,,7.417,6.896
RA-741,2023,0,Ágata,-2,Moderada,5.0,5.1,6.9,9.5,4.39,5.625,7.095,6.2707
RA-741,2024,1,Quartzo,-1,Moderada,5.0,3.75,5.2964426875,8.418,5.005,5.833333333,4.223333333,5.0795885374
RA-742,2022,0,Ametista,-1,Moderada,5.0,7.3,8.7,8.5,5.0,,7.5,7.097
RA-742,2023,0,Ametista,-2,Moderada,5.0,7.5,7.6,0.0,7.52,7.5,10.01,7.024
RA-743,2022,0,Ágata,-1,Moderada,5.0,4.8,7.9,10.0,5.6,,7.5,6.672
RA-743,2023,0,Ágata,-2,Moderada,5.0,7.1,9.1,0.0,3.77,7.5,9.01,6.659
RA-743,2024,1,Ametista,-1,Moderada,5.0,7.0,9.2727272725,9.002,7.51,7.5,7.5,7.655745454500001
RA-744,2022,0,Ametista,0,Em fase,10.0,6.2,9.7,9.5,5.6,,7.5,7.742
RA-745,2022,0,Ametista,-1,Moderada,5.0,8.1,8.5,9.0,5.6,,7.75,7.382
RA-745,2023,1,Ametista,-1,Moderada,5.0,7.0,9.3,9.5,3.77,8.125,8.893333333,7.668366667
RA-745,2024,2,Topázio,0,Em fase,10.0,8.5,10.0,9.002,6.26,7.5,8.17,8.6102
RA-746,2022,0,Ametista,0,Em fase,10.0,7.2,9.1,8.0,5.6,,7.417,7.656
RA-746,2023,1,Ágata,0,Em fase,10.0,7.2,8.0,0.0,3.77,6.875,7.113333333,6.517166667
RA-746,2024,2,Ametista,0,Em fase,10.0,8.0,7.4305555555,8.502,7.51,7.5,7.33,7.903311111100001
RA-747,2022,0,Ametista,-2,Moderada,5.0,8.8,7.6,10.0,7.5,,7.917,7.676
RA-747,2023,1,Ágata,-1,Moderada,5.0,3.1,8.0,10.0,3.14,6.041666667,6.94,6.026366667
RA-747,2024,1,Quartzo,-2,Moderada,5.0,2.25,8.095238095,10.002,5.005,7.083333333,5.335,5.8450809523
RA-748,2022,0,Topázio,-1,Moderada,5.0,9.1,9.0,10.0,7.5,,8.25,8.084
RA-748,2023,0,Topázio,-2,Moderada,5.0,9.1,9.7,9.5,7.52,7.5,10.01,8.7142
RA-748,2024,1,Topázio,-1,Moderada,5.0,7.75,10.0,9.502,7.51,8.75,8.005,8.2272
RA-749,2022,0,Ametista,-1,Moderada,5.0,8.8,7.7,9.5,7.5,,7.25,7.484
RA-749,2023,0,Ametista,-1,Moderada,5.0,7.3,9.0,10.0,7.52,5.625,8.425,7.7597
RA-749,2024,0,Topázio,-2,Moderada,5.0,8.75,9.7368421055,9.502,8.13,8.4375,7.665,8.3373184211
RA-75,2022,5,Quartzo,-1,Moderada,5.0,0.0,3.8,5.4,6.3,,4.625,3.915
RA-750,2022,0,Ágata,-2,Moderada,5.0,6.8,8.9,9.5,4.4,,5.167,6.344
RA-750,2023,0,Quartzo,-2,Moderada,5.0,3.4,7.7,9.5,3.14,4.375,6.32,5.6857
RA-750,2024,1,Quartzo,-2,Moderada,5.0,3.75,5.938735178,6.249,4.38,4.0625,3.176666667,4.542230369
RA-751,2022,0,Quartzo,-2,Moderada,5.0,3.8,5.8,8.5,7.5,,6.167,5.246
RA-752,2022,0,Topázio,-2,Moderada,5.0,9.5,9.0,10.0,7.5,,8.417,8.197
RA-752,2023,1,Topázio,-1,Moderada,5.0,6.4,9.9,9.5,7.52,7.65625,9.23,8.073825
RA-752,2024,2,Ágata,-1,Moderada,5.0,5.75,7.525879916999999,9.502,7.51,5.9375,5.613333333,6.57279265
RA-753,2022,0,Topázio,0,Em fase,10.0,9.1,8.6,9.5,7.5,,8.417,8.481
RA-753,2023,0,Topázio,-1,Moderada,5.0,9.0,9.9,9.0,7.52,7.5,9.925,8.6672
RA-753,2024,1,Topázio,-1,Moderada,5.0,8.5,9.047619048,10.002,7.51,8.333333333,8.255,8.2450571429
RA-754,2022,0,Ágata,-1,Moderada,5.0,7.9,5.8,10.0,4.4,,6.917,6.602
RA-754,2023,0,Ágata,-2,Moderada,5.0,5.6,6.1,9.5,2.52,6.875,6.67,6.0537
RA-754,2024,0,Quartzo,-2,Moderada,5.0,6.25,6.25,8.502,5.625,2.5,4.75,5.6127
RA-755,2022,0,Topázio,0,Em fase,10.0,9.5,9.2,9.5,6.9,,8.083,8.566
RA-755,2023,0,Topázio,-1,Moderada,5.0,9.2,9.5,10.0,7.52,7.5,10.01,8.7442
RA-755,2024,1,Topázio,-1,Moderada,5.0,9.75,10.0,10.002,7.51,9.0625,9.09,8.925450000000001
RA-756,2022,0,Ágata,-1,Moderada,5.0,5.7,7.9,10.0,7.5,,7.25,6.976
RA-756,2023,0,Ametista,-2,Moderada,5.0,6.1,8.7,10.0,7.52,5.625,6.59,7.0927
RA-756,2024,0,Ametista,-2,Moderada,5.0,5.5,8.75,10.002,7.51,8.125,7.24,7.361700000000001
RA-757,2022,0,Topázio,-1,Moderada,5.0,9.7,9.3,9.5,7.5,,8.5,8.26
RA-757,2023,0,Topázio,-2,Moderada,5.0,9.3,9.6,9.0,7.52,7.5,10.01,8.6742
RA-757,2024,1,Ametista,-1,Moderada,5.0,7.0,9.285714286000001,9.502,7.51,8.125,8.34,7.938842857200001
RA-758,2022,0,Ametista,-1,Moderada,5.0,8.1,9.1,9.0,7.5,,8.333,7.911
RA-759,2022,0,Ametista,-2,Moderada,5.0,7.5,8.6,9.0,7.5,,7.833,7.563
RA-76,2022,5,Topázio,0,Em fase,10.0,8.7,9.1,10.0,8.1,,9.292,9.105
RA-76,2023,7,,2,Em fase,10.0,,,10.0,2.52,,,
RA-76,2024,7,Topázio,2,Em fase,10.0,7.066666666666666,9.0,10.002,6.885,7.5,7.5,8.152033333333334
RA-760,2022,0,Topázio,-2,Moderada,5.0,8.8,9.2,9.0,7.5,,8.917,8.172
RA-760,2023,2,Ágata,-1,Moderada,5.0,6.3,8.8,0.0,7.52,7.083333333,7.84,6.548333333
RA-760,2024,3,Ágata,0,Em fase,10.0,5.0,7.090909091,9.168,7.51,6.25,6.158,6.942581818200001
RA-761,2022,0,Topázio,-1,Moderada,5.0,8.2,9.4,10.0,7.5,,8.25,8.06
RA-761,2023,1,Topázio,-1,Moderada,5.0,8.4,9.7,9.0,7.52,8.333333333,8.12,8.219533333
RA-761,2024,2,Topázio,0,Em fase,10.0,7.25,8.8636363635,8.502,6.26,8.75,8.003333333,8.174593939300001
RA-762,2022,0,Ametista,-3,Severa,2.5,6.7,9.7,10.0,7.5,,7.083,7.28
RA-762,2023,1,Ametista,-2,Moderada,5.0,5.8,9.1,10.0,3.14,7.8125,7.67,7.09945
RA-762,2024,2,Quartzo,-2,Moderada,5.0,3.75,6.4239130435,10.002,6.26,6.5625,5.7525,5.9677326087
RA-763,2022,0,Ametista,-2,Moderada,5.0,6.5,9.7,9.5,7.5,,7.167,7.402
RA-763,2023,0,Ágata,-2,Moderada,5.0,7.9,9.2,0.0,3.14,6.875,9.0,6.7215
RA-763,2024,1,Ágata,-1,Moderada,5.0,5.25,8.8636363635,9.002,6.26,7.708333333,6.825,6.984760606
RA-764,2022,0,Ametista,0,Em fase,10.0,7.5,8.8,9.0,7.5,,7.667,8.004
RA-764,2023,1,Ametista,0,Em fase,10.0,7.8,9.2,0.0,7.52,8.28125,8.56,7.682125
RA-764,2024,2,Ametista,0,Em fase,10.0,6.0,7.8804347825,8.002,7.51,8.4375,8.336666667,7.838370289900001
RA-765,2022,0,Ágata,-1,Moderada,5.0,4.3,9.3,8.5,7.5,,7.417,6.902
RA-766,2022,0,Topázio,-2,Moderada,5.0,8.7,9.5,10.0,7.5,,8.333,8.185
RA-766,2023,1,Topázio,-1,Moderada,5.0,8.7,8.7,10.0,4.39,9.21875,8.336666667,8.008408333
RA-767,2022,0,Ametista,-2,Moderada,5.0,7.0,9.0,9.5,7.5,,7.583,7.511
RA-767,2023,1,Ametista,-1,Moderada,5.0,6.3,8.3,10.0,7.52,7.291666667,7.446666667,7.3807
RA-767,2024,1,Topázio,-2,Moderada,5.0,8.25,9.0476190475,9.502,7.51,8.541666667,8.085,8.131890476200002
RA-768,2022,0,Ametista,-2,Moderada,5.0,7.1,10.0,9.0,7.5,,7.583,7.646
RA-768,2023,0,Topázio,-2,Moderada,5.0,7.9,9.1,10.0,7.52,7.5,10.01,8.4042
RA-768,2024,1,Ametista,-1,Moderada,5.0,5.5,7.9841897235,9.002,6.26,8.125,7.495,7.0345379447
RA-769,2022,0,Ametista,-1,Moderada,5.0,7.9,7.5,10.0,7.5,,8.5,7.598
RA-769,2023,0,Ametista,-2,Moderada,5.0,8.0,9.3,10.0,3.77,7.8125,8.675,7.85345
RA-769,2024,1,Ametista,-1,Moderada,5.0,6.0,5.9523809525,10.002,7.51,7.916666667,8.33,7.099342857200002
RA-77,2022,5,Quartzo,-1,Moderada,5.0,0.7,2.7,7.1,5.0,,4.625,3.846
RA-770,2022,0,Topázio,0,Em fase,10.0,8.3,8.9,9.5,7.5,,7.333,8.143
RA-770,2023,0,Ágata,0,Em fase,10.0,5.9,8.3,0.0,3.77,6.875,8.92,6.6785
RA-770,2024,0,Ametista,-1,Moderada,5.0,5.0,9.022556391,10.002,7.51,7.5,7.5,7.3057112782
RA-771,2022,0,Ametista,0,Em fase,10.0,7.0,8.3,10.0,7.5,,7.5,7.873
RA-771,2023,0,Ametista,0,Em fase,10.0,8.2,8.8,0.0,3.14,6.25,8.585,7.056
RA-771,2024,0,Ágata,-1,Moderada,5.0,6.5,6.619047619,8.502,3.135,5.625,6.08,6.066009523800001
RA-772,2022,0,Ágata,-2,Moderada,5.0,9.2,5.4,9.0,7.5,,7.25,6.994
RA-772,2023,1,Quartzo,-2,Moderada,5.0,4.8,7.2,0.0,7.52,6.875,8.003333333,5.930166667
RA-773,2022,0,Ágata,-1,Moderada,5.0,8.1,6.8,10.0,5.0,,7.083,6.922
RA-773,2023,0,Ágata,-1,Moderada,5.0,7.9,7.5,10.0,2.52,5.625,7.67,6.9287
RA-773,2024,0,Ágata,-2,Moderada,5.0,5.0,8.75,10.002,2.51,7.5,6.575,6.566200000000001
RA-774,2022,0,Ametista,0,Em fase,10.0,6.1,7.8,10.0,7.5,,7.417,7.587
RA-774,2023,0,Quartzo,-1,Moderada,5.0,6.9,9.5,0.0,3.14,5.0,6.34,5.852
RA-774,2024,0,Quartzo,-1,Moderada,5.0,3.75,6.3928571430000005,10.002,2.51,6.25,6.405,5.685771428600001
RA-775,2022,0,Quartzo,-2,Moderada,5.0,5.7,5.7,7.9,4.4,,6.417,5.79
RA-776,2022,0,Quartzo,-1,Moderada,5.0,1.7,4.3,0.0,4.4,,6.333,3.898
RA-776,2023,1,Quartzo,-1,Moderada,5.0,3.5,7.0,0.0,7.52,7.8125,7.223333333,5.567916667
RA-776,2024,1,Quartzo,-1,Moderada,5.0,0.0,5.9523809525,7.917,5.63,8.333333333,6.5,5.178509523800001
RA-777,2022,0,Ametista,0,Em fase,10.0,5.3,7.7,8.0,7.5,,7.0,7.096
RA-777,2023,1,Ametista,0,Em fase,10.0,6.3,9.3,0.0,7.52,8.28125,8.84,7.468125
RA-777,2024,2,Ametista,0,Em fase,10.0,4.5,8.7757437075,8.002,7.51,8.125,7.723333333,7.563515408100001
RA-778,2022,0,Ametista,-1,Moderada,5.0,7.1,6.7,10.0,7.5,,8.833,7.432
RA-778,2023,1,Ametista,-1,Moderada,5.0,8.2,7.9,8.5,7.52,8.90625,8.62,7.926825
RA-778,2024,2,Topázio,0,Em fase,10.0,7.0,8.1235697945,10.002,7.51,7.5,7.7475,8.0754139589
RA-779,2022,0,Quartzo,-2,Moderada,5.0,2.6,5.0,9.5,7.5,,7.083,5.702
RA-78,2022,5,Ametista,-2,Moderada,5.0,7.2,6.6,8.3,5.6,,8.0,7.04
RA-78,2023,6,Ágata,-2,Moderada,5.0,6.7,7.7,0.0,6.26,8.28125,8.0025,6.434625
RA-78,2024,7,Topázio,0,Em fase,10.0,7.5,8.028404344,8.751,8.755,8.4375,7.39,8.1780308688
RA-780,2022,0,Ágata,-1,Moderada,5.0,6.9,7.6,8.0,7.5,,7.167,6.955
RA-780,2023,0,Ametista,-2,Moderada,5.0,8.3,8.8,9.5,3.14,8.75,8.675,7.7842
RA-780,2024,1,Ametista,-1,Moderada,5.0,6.0,10.0,9.502,5.63,8.958333333,8.17,7.7430333333
RA-781,2022,0,Ametista,-1,Moderada,5.0,8.3,8.9,10.0,7.5,,7.75,7.786
RA-781,2023,1,Topázio,-1,Moderada,5.0,7.9,9.8,7.5,7.52,8.4375,9.116666667,8.209283333
RA-781,2024,2,Topázio,0,Em fase,10.0,7.25,9.75,8.002,7.51,8.4375,8.506666667,8.496283333400001
RA-782,2022,0,Ametista,0,Em fase,10.0,6.0,8.4,9.5,7.5,,7.0,7.485
RA-782,2023,0,Ametista,-1,Moderada,5.0,7.5,9.8,8.5,2.52,7.5,9.345,7.6812
RA-782,2024,1,Topázio,0,Em fase,10.0,7.75,7.8571428569999995,9.502,7.51,7.5,8.085,8.1896285714
RA-783,2022,0,Ágata,0,Em fase,10.0,6.0,5.8,9.5,7.5,,6.917,6.996
RA-783,2023,0,Ametista,-1,Moderada,5.0,8.9,6.8,9.5,3.77,7.5,7.925,7.2922
RA-784,2022,0,Topázio,-1,Moderada,5.0,8.2,10.0,9.5,7.5,,9.25,8.34
RA-784,2023,1,Topázio,-1,Moderada,5.0,7.3,9.5,10.0,7.52,8.125,8.783333333,8.171366667
RA-784,2024,2,Topázio,0,Em fase,10.0,8.75,9.7727272725,8.002,5.635,9.375,9.4,8.8857454545
RA-785,2022,0,Ametista,-1,Moderada,5.0,8.4,8.6,9.0,7.5,,7.667,7.642
RA-785,2023,1,Topázio,-1,Moderada,5.0,8.8,8.5,9.0,7.52,7.916666667,8.67,8.137866667
RA-785,2024,2,Topázio,0,Em fase,10.0,9.0,10.0,9.502,7.51,8.75,8.893333333,9.1548666666
RA-786,2022,0,Ágata,-2,Moderada,5.0,6.1,9.5,9.0,5.6,,7.167,7.004
RA-787,2022,0,Ametista,0,Em fase,10.0,3.4,9.5,8.5,7.5,,7.25,7.205
RA-787,2023,0,Ametista,-1,Moderada,5.0,5.9,9.8,9.0,7.52,5.625,8.34,7.5227
RA-787,2024,0,Ametista,-1,Moderada,5.0,7.25,9.75,9.002,7.51,7.1875,7.325,7.73495
RA-788,2022,0,Topázio,0,Em fase,10.0,8.0,9.3,10.0,5.6,,8.667,8.264
RA-788,2023,1,Ametista,0,Em fase,10.0,6.9,9.8,7.9,2.52,7.65625,8.283333333,7.806091667
RA-788,2024,2,Ametista,0,Em fase,10.0,5.75,9.519450801,8.418,6.26,8.4375,7.783333333,7.9221068268
RA-789,2022,0,Ametista,0,Em fase,10.0,4.2,9.4,9.0,7.5,,7.417,7.405
RA-789,2023,0,Ametista,0,Em fase,10.0,7.9,9.5,0.0,7.52,7.5,10.01,7.974
RA-789,2024,1,Topázio,0,Em fase,10.0,5.25,9.047619048,9.002,7.51,9.166666667,8.085,8.0443904763
RA-79,2022,5,Ágata,-1,Moderada,5.0,8.9,6.3,5.4,5.6,,7.292,6.847
RA-79,2023,6,Ágata,-1,Moderada,5.0,7.6,6.2,5.8,5.0,7.8125,7.59,6.635883333
RA-790,2022,0,Ametista,-2,Moderada,5.0,7.8,8.9,9.0,7.5,,7.417,7.504
RA-790,2023,1,Ágata,-2,Moderada,5.0,7.4,8.1,0.0,7.52,7.083333333,8.286666667,6.707666667
RA-790,2024,2,Ágata,-1,Moderada,5.0,6.75,6.811594203,7.502,7.51,7.1875,6.883333333,6.8089355072
RA-791,2022,0,Ametista,-2,Moderada,5.0,6.5,8.7,9.5,7.5,,8.5,7.507
RA-791,2023,1,Ágata,-2,Moderada,5.0,5.3,8.1,0.0,7.52,7.8125,7.723333333,6.247916667
RA-792,2022,0,Ágata,-1,Moderada,5.0,6.2,8.0,9.5,7.5,,7.167,7.025
RA-792,2023,0,Ametista,-2,Moderada,5.0,7.2,7.7,9.0,7.52,6.875,9.085,7.6267
RA-792,2024,1,Ágata,-1,Moderada,5.0,3.25,5.2865612650000005,8.502,7.51,8.125,7.075,6.036012253
RA-793,2022,0,Ágata,-2,Moderada,5.0,6.0,7.6,9.5,7.5,,7.333,6.894
RA-794,2022,0,Ametista,0,Em fase,10.0,4.1,8.9,9.5,7.5,,7.333,7.335
RA-794,2023,0,Ametista,-1,Moderada,5.0,6.2,9.2,9.0,7.52,7.5,10.01,7.9842
RA-794,2024,1,Ametista,0,Em fase,10.0,3.0,6.9047619045,9.502,7.51,8.125,8.255,7.145652380900001
RA-795,2022,0,Topázio,0,Em fase,10.0,7.3,9.7,9.0,7.5,,7.333,8.064
RA-795,2023,0,Topázio,-1,Moderada,5.0,8.2,9.6,9.0,7.52,7.5,10.01,8.4642
RA-795,2024,1,Topázio,-1,Moderada,5.0,9.5,9.761904762,9.502,6.26,8.958333333,8.085,8.441414285700002
RA-796,2022,0,Ametista,-2,Moderada,5.0,5.4,9.3,9.5,7.5,,7.667,7.232
RA-796,2023,1,Ametista,-1,Moderada,5.0,5.5,9.8,9.0,6.27,7.083333333,8.336666667,7.462866667
RA-796,2024,2,Ametista,-1,Moderada,5.0,5.25,8.2212885155,8.502,7.51,7.916666667,7.326666667,7.052457703200001
RA-797,2022,0,Ametista,-2,Moderada,5.0,7.3,8.5,9.0,7.5,,7.5,7.217
RA-797,2023,1,Ametista,-1,Moderada,5.0,7.5,8.6,8.5,7.52,6.041666667,7.233333333,7.373033333
RA-797,2024,2,Ágata,-1,Moderada,5.0,7.25,4.840909091,9.168,7.51,6.666666667,6.723333333,6.597315151500001
RA-798,2022,0,Ametista,-2,Moderada,5.0,6.3,8.3,8.0,7.5,,7.667,7.049
RA-798,2023,1,Ametista,-1,Moderada,5.0,6.1,8.1,9.0,7.52,6.458333333,6.95,7.018033333
RA-798,2024,2,Quartzo,-1,Moderada,5.0,4.75,3.5064935065,6.834,7.51,5.0,2.943333333,4.6743653679
RA-799,2022,0,Ametista,-2,Moderada,5.0,7.8,9.6,8.0,7.5,,7.917,7.676
RA-799,2023,1,Topázio,-1,Moderada,5.0,8.3,9.6,9.5,5.64,8.333333333,8.17,8.061533333
RA-799,2024,2,Ametista,0,Em fase,10.0,5.25,9.090909091,7.918,7.51,7.916666667,7.5,7.702648484900001
RA-8,2022,7,Quartzo,-1,Moderada,5.0,1.6,4.6,7.1,6.3,,6.278,4.786
RA-80,2022,5,Ametista,-1,Moderada,5.0,7.1,8.3,9.2,5.0,,7.625,7.29
RA-80,2023,6,Ametista,-1,Moderada,5.0,6.3,8.4,8.3,6.89,7.96875,7.465,7.252275
RA-80,2024,7,Topázio,0,Em fase,10.0,7.0,7.8961292116666675,8.751,8.13,8.75,7.946666667,8.131659175733333
RA-800,2022,0,Ágata,0,Em fase,10.0,6.1,5.4,8.0,7.5,,7.5,6.818
RA-801,2022,0,Ágata,-1,Moderada,5.0,6.8,6.6,7.0,7.5,,7.5,6.644
RA-801,2023,1,Ágata,0,Em fase,10.0,7.6,7.5,0.0,7.52,6.875,7.12,6.8735
RA-801,2024,1,Ágata,-1,Moderada,5.0,8.0,5.75,9.002,7.51,6.25,5.745,6.6752
RA-802,2022,0,Ametista,-1,Moderada,5.0,8.3,9.0,9.0,7.5,,8.333,7.831
RA-802,2023,1,Topázio,-1,Moderada,5.0,9.4,9.3,8.0,7.52,8.333333333,7.506666667,8.126866667
RA-802,2024,2,Ametista,0,Em fase,10.0,8.75,7.012987013,7.502,7.51,8.333333333,6.723333333,7.8317974024999994
RA-803,2022,0,Ágata,-2,Moderada,5.0,6.3,7.2,10.0,7.5,,7.417,6.98
RA-804,2022,0,Ágata,-2,Moderada,5.0,4.8,8.4,10.0,6.3,,7.667,6.848
RA-804,2023,1,Ametista,-1,Moderada,5.0,6.9,8.6,10.0,6.27,5.833333333,7.173333333,7.2352
RA-805,2022,0,Topázio,0,Em fase,10.0,8.8,9.0,9.5,7.5,,7.333,8.279
RA-805,2023,0,Ágata,-1,Moderada,5.0,6.8,9.1,0.0,7.52,6.25,7.175,6.492
RA-805,2024,1,Ágata,-1,Moderada,5.0,6.0,9.523809524,8.502,4.38,7.03125,6.7075,6.9375869048
RA-806,2022,0,Ametista,0,Em fase,10.0,6.6,7.3,9.5,7.5,,7.917,7.561
RA-806,2023,0,Ametista,-1,Moderada,5.0,7.8,8.3,8.5,6.27,6.875,7.095,7.2937
RA-806,2024,1,Ágata,-1,Moderada,5.0,6.75,6.9047619045,8.502,7.51,7.65625,6.875,6.972777380900001
RA-807,2022,0,Topázio,0,Em fase,10.0,9.0,8.7,9.5,6.3,,7.5,8.121
RA-807,2023,0,Ametista,-1,Moderada,5.0,8.0,9.1,9.5,7.52,6.25,8.08,7.8632
RA-807,2024,1,Ametista,0,Em fase,10.0,7.0,7.8571428569999995,9.002,7.51,7.5,7.125,7.797628571400001
RA-808,2022,0,Topázio,0,Em fase,10.0,9.3,9.1,10.0,6.3,,8.0,8.361
RA-808,2023,0,Topázio,-1,Moderada,5.0,8.7,10.0,10.0,2.52,7.5,9.755,8.1932
RA-808,2024,1,Topázio,0,Em fase,10.0,8.75,10.0,9.002,7.51,8.125,7.88,8.7897
RA-809,2022,0,Ametista,0,Em fase,10.0,6.3,6.6,10.0,6.3,,7.417,7.259
RA-81,2022,5,Ametista,1,Em fase,10.0,6.0,9.2,9.2,5.0,,7.458,7.675
RA-81,2023,5,Ametista,0,Em fase,10.0,6.3,8.8,9.6,2.52,7.8125,7.2125,7.45425
RA-81,2024,6,Topázio,0,Em fase,10.0,7.5,9.333333333333334,9.168,6.26,7.875,7.798,8.256566666666668
RA-810,2022,0,Ametista,0,Em fase,10.0,9.6,9.1,8.5,5.0,,7.25,7.887
RA-810,2023,1,Ametista,0,Em fase,10.0,6.9,8.5,8.0,7.52,5.833333333,7.836666667,7.782866667
RA-810,2024,1,Ametista,-1,Moderada,5.0,9.0,9.4736842105,7.502,5.635,6.458333333,7.7525,7.704770175400001
RA-811,2022,0,Ágata,-1,Moderada,5.0,7.3,5.7,8.9,5.6,,7.667,6.575
RA-812,2022,0,Ametista,0,Em fase,10.0,7.4,8.1,9.0,5.6,,7.333,7.497
RA-812,2023,0,Topázio,0,Em fase,10.0,5.8,9.1,9.5,7.52,6.875,8.33,8.0357
RA-813,2022,0,Ametista,0,Em fase,10.0,6.0,6.5,9.5,6.9,,7.417,7.093
RA-813,2023,1,Ametista,0,Em fase,10.0,3.9,8.4,9.5,7.52,8.125,8.06,7.5867
RA-814,2022,0,Ametista,-1,Moderada,5.0,7.5,9.0,8.9,6.9,,8.417,7.592
RA-814,2023,1,Topázio,-1,Moderada,5.0,8.2,9.6,9.5,6.89,8.333333333,9.226666667,8.367866667
RA-814,2024,2,Ametista,0,Em fase,10.0,7.5,9.090909091,7.418,7.51,7.5,7.053333333,7.971648484800001
RA-815,2022,0,Ágata,-1,Moderada,5.0,6.5,7.9,10.0,5.6,,7.0,6.81
RA-815,2023,1,Ágata,-1,Moderada,5.0,6.5,8.6,0.0,5.02,6.875,7.063333333,6.122166667
RA-816,2022,0,Topázio,-1,Moderada,5.0,9.6,9.3,10.0,7.5,,9.417,8.513
RA-816,2023,1,Topázio,-1,Moderada,5.0,8.9,9.8,7.5,7.52,9.583333333,9.283333333,8.5572
RA-816,2024,2,Topázio,0,Em fase,10.0,9.25,9.7727272725,7.002,7.51,9.166666667,8.786666667,8.929745454599999
RA-817,2022,0,Ametista,0,Em fase,10.0,7.1,8.7,10.0,6.3,,7.417,7.819
RA-817,2023,1,Ametista,0,Em fase,10.0,5.4,8.8,9.5,6.89,8.125,7.89,7.8597
RA-818,2022,0,Ametista,0,Em fase,10.0,6.2,7.3,9.5,7.5,,7.5,7.483
RA-818,2023,1,Ametista,1,Em fase,10.0,6.2,8.4,10.0,7.52,8.125,7.613333333,7.997366667
RA-819,2022,0,Ametista,0,Em fase,10.0,7.3,7.9,10.0,7.5,,7.333,7.741
RA-819,2023,1,Ametista,0,Em fase,10.0,9.5,8.3,0.0,7.52,8.541666667,8.893333333,7.944833333
RA-819,2024,2,Topázio,1,Em fase,10.0,9.0,7.784679089,10.002,7.51,8.4375,8.503333333,8.652552484400001
RA-82,2022,5,Ágata,-2,Moderada,5.0,5.5,6.8,8.8,7.5,,6.417,6.596
RA-820,2022,0,Ametista,-1,Moderada,5.0,6.0,10.0,9.5,6.9,,7.583,7.417
RA-820,2023,1,Ametista,-1,Moderada,5.0,8.9,7.4,7.9,7.52,9.0625,8.28,7.85605
RA-820,2024,2,Ametista,0,Em fase,10.0,6.25,6.573529412,10.002,7.51,8.333333333,6.386666667,7.426572549100001
RA-821,2022,0,Ágata,-2,Moderada,5.0,4.6,7.0,9.0,7.5,,6.917,6.342
RA-821,2024,2,Ágata,0,Em fase,10.0,4.25,5.9166666665,8.502,7.51,6.666666667,6.713333333,6.643866666600001
RA-822,2022,0,Ágata,-2,Moderada,5.0,6.1,8.4,8.0,7.5,,7.083,6.922
RA-822,2023,0,Ágata,-2,Moderada,5.0,7.1,8.4,8.5,2.52,5.625,5.925,6.4497
RA-822,2024,1,Quartzo,-2,Moderada,5.0,6.75,4.6245059285,0.0,5.01,6.666666667,6.61,5.2645678524
RA-823,2022,0,Quartzo,-2,Moderada,5.0,2.8,6.0,10.0,7.5,,7.167,5.989
RA-824,2022,0,Ágata,0,Em fase,10.0,6.0,4.4,10.0,6.9,,7.333,6.799
RA-825,2022,0,Ametista,-1,Moderada,5.0,7.6,8.2,7.5,6.9,,7.917,7.25
RA-826,2022,0,Ametista,0,Em fase,10.0,5.4,9.6,9.5,7.5,,7.5,7.776
RA-826,2023,0,Ametista,-1,Moderada,5.0,7.3,10.0,10.0,3.77,7.8125,8.34,7.77645
RA-826,2024,1,Ametista,-1,Moderada,5.0,6.75,10.0,10.002,6.26,7.5,8.59,7.9442
RA-827,2022,0,Ametista,-2,Moderada,5.0,7.6,7.0,9.5,7.5,,8.667,7.412
RA-827,2023,1,Ametista,-1,Moderada,5.0,8.1,8.1,7.9,3.14,8.28125,8.73,7.419925
RA-827,2024,2,Topázio,0,Em fase,10.0,7.25,9.782608695499999,10.002,5.01,7.65625,7.875,8.2483467391
RA-828,2022,0,Ametista,-1,Moderada,5.0,6.9,7.1,9.5,7.5,,7.833,7.139
RA-829,2022,0,Ametista,0,Em fase,10.0,7.8,8.6,9.0,7.5,,7.5,8.003
RA-829,2023,1,Topázio,0,Em fase,10.0,8.4,9.4,9.0,3.14,9.21875,9.23,8.532075
RA-829,2024,2,Topázio,1,Em fase,10.0,8.0,9.75,9.502,9.38,8.90625,9.215,9.171825000000002
RA-83,2022,5,Ágata,-2,Moderada,5.0,6.8,6.8,7.9,7.5,,5.958,6.671
RA-830,2022,0,Ametista,-1,Moderada,5.0,6.0,8.6,10.0,7.5,,7.5,7.234
RA-830,2023,0,Ágata,-1,Moderada,5.0,8.3,8.9,0.0,3.14,6.25,9.505,6.78
RA-830,2024,1,Ametista,-1,Moderada,5.0,6.75,7.619047619,9.002,5.63,8.333333333,7.335,7.1373428571
RA-831,2022,0,Ametista,-1,Moderada,5.0,7.2,9.2,9.5,7.5,,7.167,7.41
RA-831,2023,0,Ametista,-1,Moderada,5.0,8.3,9.4,8.0,3.77,7.8125,8.59,7.71645
RA-831,2024,1,Topázio,-1,Moderada,5.0,7.75,9.523809524,10.002,6.26,7.916666667,8.17,8.0066285715
RA-832,2022,0,Topázio,-1,Moderada,5.0,8.8,9.2,10.0,7.5,,8.833,8.179
RA-832,2023,1,Topázio,-1,Moderada,5.0,8.5,9.5,10.0,7.52,7.708333333,8.283333333,8.2697
RA-832,2024,2,Topázio,0,Em fase,10.0,8.0,8.695652174,9.002,7.51,7.5,7.5,8.2403304348
RA-833,2022,0,Ametista,-1,Moderada,5.0,7.8,9.5,10.0,7.5,,7.583,7.791
RA-833,2023,1,Ametista,-1,Moderada,5.0,7.4,9.5,10.0,3.77,8.4375,8.56,7.81295
RA-833,2024,2,Topázio,0,Em fase,10.0,8.0,9.3271221535,9.002,7.51,8.125,7.946666667,8.5184577641
RA-834,2022,0,Topázio,-1,Moderada,5.0,9.0,9.0,9.0,7.5,,9.083,8.136
RA-834,2023,1,Topázio,-1,Moderada,5.0,9.2,9.9,9.0,6.27,9.6875,9.283333333,8.662616667
RA-834,2024,2,Topázio,0,Em fase,10.0,8.75,9.109730849,8.002,6.26,7.708333333,8.723333333,8.513646169700001
RA-835,2022,0,Ametista,0,Em fase,10.0,7.5,7.3,6.9,7.5,,6.667,7.263
RA-835,2023,0,Topázio,0,Em fase,10.0,8.7,8.5,8.0,7.52,6.875,7.835,8.2467
RA-836,2022,0,Ametista,-1,Moderada,5.0,9.2,8.3,8.5,7.5,,7.583,7.665
RA-836,2023,0,Ametista,-2,Moderada,5.0,6.7,9.6,9.5,6.27,6.875,8.085,7.6417
RA-836,2024,1,Ágata,-1,Moderada,5.0,2.75,6.439393939,9.502,7.51,7.34375,6.25,6.0234537878
RA-837,2022,0,Topázio,0,Em fase,10.0,8.8,9.0,8.5,7.5,,7.5,8.207
RA-837,2023,1,Topázio,0,Em fase,10.0,7.0,9.3,9.0,7.52,7.916666667,7.836666667,8.2712
RA-837,2024,2,Ametista,0,Em fase,10.0,6.75,9.782608695499999,7.502,6.885,7.03125,7.5825,7.9648467391
RA-838,2022,0,Ametista,-1,Moderada,5.0,6.3,7.4,10.0,7.5,,9.417,7.461
RA-839,2022,0,Quartzo,-1,Moderada,5.0,5.4,5.1,0.0,7.5,,6.583,5.198
RA-84,2022,5,Ágata,-2,Moderada,5.0,5.8,8.8,7.1,5.0,,6.75,6.682
RA-84,2023,6,Ágata,-2,Moderada,5.0,6.0,8.8,0.0,2.52,7.8125,7.6725,6.034416667
RA-840,2022,0,Ametista,0,Em fase,10.0,7.8,8.2,9.0,7.5,,7.5,7.875
RA-840,2023,0,Ametista,-1,Moderada,5.0,8.2,9.0,9.5,4.38,7.5,8.59,7.7862
RA-840,2024,1,Topázio,0,Em fase,10.0,8.0,9.337121212,9.502,7.51,8.333333333,7.946666667,8.5912909091
RA-841,2022,0,Ametista,-2,Moderada,5.0,7.2,8.5,8.5,7.5,,7.5,7.3
RA-841,2023,0,Ágata,-2,Moderada,5.0,6.9,7.2,0.0,7.52,7.5,9.84,6.78
RA-841,2024,2,Ágata,-1,Moderada,5.0,3.25,6.3272311215000006,10.002,7.51,7.03125,5.83,6.035771224300001
RA-842,2022,0,Ametista,0,Em fase,10.0,9.1,8.3,7.5,7.5,,8.25,7.952
RA-842,2023,0,Ametista,-1,Moderada,5.0,7.9,8.5,9.0,3.77,5.625,8.01,7.2117
RA-842,2024,1,Ametista,-1,Moderada,5.0,7.5,7.549407115,8.502,6.26,6.875,6.996666667,7.072914756400001
RA-843,2022,0,Topázio,0,Em fase,10.0,9.2,9.0,8.5,7.5,,8.417,8.538
RA-844,2022,0,Ágata,0,Em fase,10.0,5.9,5.0,0.0,8.1,,8.333,6.253
RA-845,2022,0,Topázio,0,Em fase,10.0,8.7,8.8,10.0,7.5,,8.417,8.491
RA-846,2022,0,Ametista,0,Em fase,10.0,5.9,7.2,9.0,7.5,,7.917,7.412
RA-846,2023,0,Ametista,0,Em fase,10.0,6.0,8.2,9.5,3.77,5.625,8.67,7.4637
RA-847,2022,0,Ágata,-1,Moderada,5.0,7.7,8.2,7.9,4.4,,7.417,6.839
RA-847,2023,0,Ágata,-2,Moderada,5.0,7.6,9.1,7.9,2.52,5.0,5.84,6.5418
RA-847,2024,1,Quartzo,-1,Moderada,5.0,1.0,4.5454545455,9.002,5.01,7.5,6.245,5.009290909100001
RA-848,2022,0,Ametista,-1,Moderada,5.0,9.0,7.0,9.5,7.5,,7.833,7.488
RA-849,2022,0,Ametista,-1,Moderada,5.0,9.1,8.3,8.5,7.5,,7.417,7.369
RA-85,2022,5,Ágata,0,Em fase,10.0,4.3,7.3,6.7,5.0,,5.833,6.243
RA-85,2023,5,Ametista,-1,Moderada,5.0,5.7,8.9,8.8,6.27,5.9375,7.8425,7.08435
RA-85,2024,5,Ágata,-2,Moderada,5.0,7.666666666666667,8.668046928999999,8.334,3.755,6.25,6.993333333,6.999509385733333
RA-850,2022,0,Ametista,0,Em fase,10.0,8.5,7.3,10.0,7.5,,7.167,7.641
RA-850,2023,0,Ágata,-1,Moderada,5.0,7.3,7.9,0.0,6.26,6.5625,6.265,6.06525
RA-850,2024,1,Ametista,-1,Moderada,5.0,7.75,9.2727272725,10.002,6.255,7.5,7.92,7.864245454500001
RA-851,2022,0,Ametista,0,Em fase,10.0,8.3,7.9,9.0,7.5,,6.583,7.515
RA-851,2023,0,Ágata,-1,Moderada,5.0,6.6,7.5,8.4,2.52,5.625,6.01,6.1683
RA-851,2024,1,Ágata,-1,Moderada,5.0,6.0,7.3221343875,9.002,5.63,5.625,5.106666667,6.2114602109
RA-852,2022,0,Quartzo,0,Em fase,10.0,2.1,6.8,9.0,5.0,,5.5,5.666
RA-853,2022,0,Topázio,0,Em fase,10.0,8.5,9.6,10.0,7.5,,8.5,8.616
RA-853,2023,0,Ametista,-1,Moderada,5.0,7.4,9.5,10.0,3.77,6.25,9.84,7.8402
RA-853,2024,1,Ametista,0,Em fase,10.0,6.25,9.5833333335,8.502,6.26,8.333333333,7.553333333,7.986866666600001
RA-854,2022,0,Topázio,0,Em fase,10.0,9.3,9.0,8.0,7.5,,7.167,8.098
RA-854,2023,0,Ágata,0,Em fase,10.0,6.0,9.5,0.0,3.77,5.625,8.01,6.6415
RA-854,2024,1,Ametista,0,Em fase,10.0,7.0,10.0,9.502,6.26,5.833333333,6.333333333,7.826199999900001
RA-855,2022,0,Topázio,-1,Moderada,5.0,9.7,9.6,10.0,7.5,,9.0,8.453
RA-855,2023,1,Topázio,0,Em fase,10.0,6.8,10.0,9.5,7.52,8.4375,8.67,8.62995
RA-855,2024,2,Topázio,0,Em fase,10.0,8.5,10.0,9.002,7.51,7.5,7.386666667,8.578533333400001
RA-856,2022,0,Topázio,0,Em fase,10.0,8.4,9.1,10.0,7.5,,8.0,8.398
RA-856,2023,0,Ametista,0,Em fase,10.0,7.3,9.6,0.0,7.52,5.625,8.255,7.3355
RA-857,2022,0,Topázio,-1,Moderada,5.0,9.5,8.9,8.5,7.5,,9.083,8.154
RA-857,2023,0,Topázio,-1,Moderada,5.0,8.5,9.0,8.5,7.52,7.5,9.01,8.1442
RA-858,2022,0,Ametista,0,Em fase,10.0,7.7,7.1,10.0,5.6,,7.333,7.523
RA-858,2023,0,Ametista,0,Em fase,10.0,9.3,8.1,0.0,3.77,8.125,7.946666667,7.248833333
RA-858,2024,0,Ágata,-1,Moderada,5.0,8.25,6.833333333500001,9.002,2.51,7.5,7.5,6.917866666700001
RA-859,2022,0,Topázio,0,Em fase,10.0,8.9,8.7,8.5,7.5,,8.25,8.325
RA-859,2023,0,Topázio,0,Em fase,10.0,7.3,9.2,8.0,7.52,7.5,10.01,8.6042
RA-859,2024,1,Topázio,0,Em fase,10.0,8.0,9.337121212,8.002,7.51,8.958333333,8.336666667,8.5817909091
RA-86,2022,5,Ametista,-1,Moderada,5.0,6.7,9.6,7.5,5.6,,8.458,7.566
RA-86,2023,7,,0,Em fase,10.0,,,8.3,6.89,,,
RA-86,2024,7,Ametista,0,Em fase,10.0,5.483333333333333,9.704333333,6.667,6.57,7.5,7.5,7.611233333266666
RA-860,2022,0,Topázio,0,Em fase,10.0,8.1,8.5,9.5,7.5,,7.75,8.136
RA-860,2023,0,Topázio,0,Em fase,10.0,7.4,9.8,7.0,6.89,7.5,8.34,8.2372
RA-860,2024,1,Topázio,0,Em fase,10.0,8.5,9.7916666665,9.002,7.51,8.75,7.946666667,8.7738666667
RA-861,2023,0,Topázio,0,Em fase,10.0,9.6,10.0,9.5,8.13,8.4375,8.92,9.31095
RA-861,2024,0,Topázio,-1,Moderada,5.0,10.0,10.0,9.502,7.51,8.125,9.73,8.959700000000002
RA-862,2023,0,Topázio,-1,Moderada,5.0,8.9,9.1,8.5,8.14,7.5,8.585,8.2212
RA-862,2024,0,Ametista,-2,Moderada,5.0,7.5,8.6136363635,9.002,7.51,7.1875,6.27,7.346677272700001
RA-863,2023,0,Quartzo,0,Em fase,10.0,6.3,7.6,0.0,3.14,5.9375,6.26,5.92975
RA-863,2024,0,Quartzo,-1,Moderada,5.0,5.5,3.159090909,8.502,2.51,4.6875,4.333333333,4.6684348484000004
RA-864,2023,0,Ametista,0,Em fase,10.0,6.3,7.6,0.0,8.14,7.5,8.5,7.034
RA-865,2023,0,Topázio,0,Em fase,10.0,7.4,8.7,8.5,7.52,7.5,7.915,8.1552
RA-866,2023,0,Ametista,0,Em fase,10.0,8.6,8.3,0.0,8.76,7.5,8.415,7.679
RA-867,2023,0,Topázio,0,Em fase,10.0,8.9,8.6,9.0,8.76,7.5,8.415,8.6992
RA-867,2024,0,Ametista,-1,Moderada,5.0,8.5,7.409090909,9.002,7.51,7.5,7.5,7.583018181800001
RA-868,2023,0,Topázio,0,Em fase,10.0,7.1,9.5,10.0,8.76,7.1875,8.67,8.63895
RA-868,2024,0,Ametista,-1,Moderada,5.0,7.0,9.75,8.002,3.76,6.875,7.213333333,7.156366666600001
RA-869,2023,0,Topázio,0,Em fase,10.0,9.6,10.0,9.0,8.76,8.125,8.75,9.2587
RA-87,2022,5,Topázio,0,Em fase,10.0,8.8,9.6,8.3,7.5,,8.5,8.712
RA-87,2023,6,Topázio,0,Em fase,10.0,9.3,10.0,7.5,5.63,8.125,8.385,8.6625
RA-87,2024,7,Topázio,1,Em fase,10.0,9.166666666666666,9.649122807,8.751,9.375,9.375,9.623333333,9.437924561333332
RA-870,2023,0,Quartzo,-1,Moderada,5.0,1.5,8.5,0.0,8.76,5.0,5.165,4.909
RA-871,2023,0,Ágata,-1,Moderada,5.0,6.9,9.5,9.0,3.76,4.375,6.84,6.8617
RA-871,2024,1,Ametista,0,Em fase,10.0,7.25,9.328063240999999,8.502,4.38,5.3125,5.783333333,7.2917293147999995
RA-872,2023,0,Quartzo,-2,Moderada,5.0,4.3,6.7,0.0,2.52,6.25,8.5,5.267
RA-873,2023,0,Ametista,-2,Moderada,5.0,7.0,9.7,8.5,7.52,6.25,8.67,7.8012
RA-873,2024,1,Ametista,-2,Moderada,5.0,6.75,10.0,8.002,6.88,7.1875,7.77,7.61095
RA-874,2023,0,Quartzo,-1,Moderada,5.0,4.8,8.2,0.0,7.52,6.25,6.67,5.811
RA-874,2024,1,Ametista,-1,Moderada,5.0,7.75,4.696969697,9.502,6.26,8.75,7.915,7.0235939394
RA-875,2023,0,Topázio,-1,Moderada,5.0,7.3,9.5,9.5,7.52,7.5,9.845,8.2712
RA-876,2023,0,Topázio,0,Em fase,10.0,7.5,9.4,10.0,7.52,7.5,8.835,8.6492
RA-876,2024,1,Ametista,0,Em fase,10.0,3.75,9.0476190475,8.502,7.51,8.333333333,8.09,7.612057142800001
RA-877,2023,0,Ametista,-1,Moderada,5.0,6.9,9.5,9.5,7.52,5.0,7.5,7.4722
RA-878,2023,0,Ágata,-2,Moderada,5.0,8.1,9.5,0.0,2.52,5.0,7.34,6.24
RA-878,2024,1,Ágata,-1,Moderada,5.0,6.75,6.1363636360000005,9.002,4.38,7.1875,6.996666667,6.5335560606000005
RA-879,2023,0,Ágata,-1,Moderada,5.0,8.2,9.8,0.0,2.52,6.875,8.915,6.8225
RA-879,2024,1,Topázio,-1,Moderada,5.0,8.5,9.090909091,9.502,6.26,7.8125,8.67,8.1096318182
RA-88,2022,5,Ametista,-2,Moderada,5.0,6.5,9.2,7.1,5.6,,9.208,7.498
RA-88,2023,8,,0,Em fase,10.0,,,,,,,
RA-88,2024,8,,0,Em fase,10.0,,0.0,,,,,
RA-880,2023,0,Ágata,0,Em fase,10.0,6.3,9.4,0.0,2.52,6.25,8.585,6.724
RA-880,2024,0,Ágata,-1,Moderada,5.0,6.5,8.445652174,9.502,2.51,7.1875,7.22,6.853080434800001
RA-881,2023,0,Ametista,0,Em fase,10.0,7.3,8.9,10.0,7.52,5.0,6.25,7.7322
RA-882,2023,0,Ágata,0,Em fase,10.0,4.7,8.6,9.0,2.52,3.75,4.16,6.0092
RA-883,2023,0,Topázio,0,Em fase,10.0,8.4,9.7,9.5,6.89,6.25,8.17,8.5082
RA-884,2023,0,Topázio,0,Em fase,10.0,8.8,9.7,9.0,4.39,6.875,8.66,8.4587
RA-884,2024,0,Topázio,-1,Moderada,5.0,8.75,8.818181818,10.002,6.26,7.5,8.223333333,8.0345030302
RA-885,2023,0,Topázio,0,Em fase,10.0,8.7,9.8,9.0,7.52,7.5,8.665,8.8252
RA-885,2024,0,Topázio,-1,Moderada,5.0,8.5,10.0,8.502,7.51,7.5,8.28,8.2072
RA-886,2023,0,Topázio,0,Em fase,10.0,8.1,9.4,8.5,7.52,7.5,9.0,8.6422
RA-886,2024,0,Topázio,-1,Moderada,5.0,8.75,10.0,9.502,8.13,7.5,8.28,8.419200000000002
RA-887,2023,0,Topázio,0,Em fase,10.0,8.4,8.9,8.9,7.52,7.5,9.09,8.6718
RA-888,2023,0,Topázio,0,Em fase,10.0,8.8,10.0,9.0,7.52,7.5,8.83,8.9182
RA-888,2024,0,Topázio,-1,Moderada,5.0,8.5,10.0,9.002,6.88,7.5,8.28,8.1942
RA-889,2023,0,Topázio,0,Em fase,10.0,9.1,9.5,8.5,6.89,7.5,9.0,8.8092
RA-889,2024,0,Topázio,-1,Moderada,5.0,9.75,9.2954545455,8.502,6.26,7.5,8.28,8.191290909100001
RA-89,2022,5,Ametista,-1,Moderada,5.0,5.9,7.8,9.6,7.5,,8.0,7.323
RA-89,2023,6,Ágata,-1,Moderada,5.0,5.1,8.1,8.3,5.0,7.34375,7.465,6.700775
RA-890,2023,0,Ágata,0,Em fase,10.0,8.3,9.1,0.0,2.52,6.25,8.16,6.989
RA-891,2023,0,Ametista,-1,Moderada,5.0,7.5,9.5,9.5,6.89,7.5,7.995,7.8882
RA-891,2024,0,Topázio,-1,Moderada,5.0,8.75,9.0454545455,10.002,6.26,7.5,8.003333333,8.035957575700001
RA-892,2023,0,Topázio,0,Em fase,10.0,8.3,9.6,8.0,6.89,7.5,10.01,8.8112
RA-892,2024,1,Topázio,0,Em fase,10.0,8.75,10.0,8.002,7.51,8.125,7.92,8.697700000000001
RA-893,2023,0,Topázio,-1,Moderada,5.0,9.3,10.0,9.5,7.52,7.5,10.01,8.8042
RA-893,2024,1,Topázio,0,Em fase,10.0,9.25,10.0,9.002,7.51,8.125,7.886666667,8.8910333334
RA-894,2023,0,Topázio,-1,Moderada,5.0,9.4,9.9,9.5,7.52,7.5,10.01,8.8142
RA-894,2024,1,Topázio,-1,Moderada,5.0,9.5,10.0,10.002,7.51,8.4375,8.42,8.67895
RA-895,2023,0,Topázio,0,Em fase,10.0,6.8,9.5,9.5,7.52,6.875,9.5,8.5397
RA-895,2024,0,Topázio,-1,Moderada,5.0,9.5,9.5454545455,9.502,6.26,7.5,8.113333333,8.2579575757
RA-896,2023,0,Topázio,0,Em fase,10.0,8.5,10.0,9.5,6.89,7.5,10.01,9.0912
RA-896,2024,1,Topázio,0,Em fase,10.0,6.5,9.7727272725,8.502,7.51,8.125,8.085,8.2852454545
RA-897,2023,0,Quartzo,-1,Moderada,5.0,6.5,8.1,0.0,7.52,6.5625,3.32,5.48225
RA-897,2024,0,Quartzo,-1,Moderada,5.0,6.0,2.7525252525,7.002,2.51,6.875,6.66,5.2212050505
RA-898,2023,0,Topázio,-1,Moderada,5.0,9.4,9.8,9.0,3.77,8.125,10.01,8.4217
RA-898,2024,1,Ametista,-1,Moderada,5.0,7.5,10.0,6.418,7.51,7.5,8.616666667,7.8661333334000005
RA-899,2023,0,Topázio,0,Em fase,10.0,9.5,9.8,10.0,3.77,7.5,9.34,8.8452
RA-899,2024,1,Topázio,0,Em fase,10.0,8.25,9.1007905135,10.002,5.635,8.125,7.893333333,8.425024769300002
RA-9,2022,7,Topázio,-1,Moderada,5.0,6.7,9.5,8.8,7.5,,9.5,8.109
RA-90,2022,5,Topázio,2,Em fase,10.0,8.5,9.7,10.0,9.4,,9.75,9.442
RA-90,2023,5,Topázio,1,Em fase,10.0,7.7,9.6,10.0,7.52,8.59375,8.1725,8.699408333
RA-90,2024,7,Topázio,2,Em fase,10.0,8.066666666666666,9.0,10.002,6.885,7.5,7.5,8.352033333333335
RA-900,2023,0,Topázio,0,Em fase,10.0,7.8,9.8,9.0,9.38,8.125,8.67,8.8947
RA-900,2024,1,Topázio,0,Em fase,10.0,8.5,9.318181818,9.002,8.13,8.125,8.563333333,8.802003030200002
RA-901,2023,0,Ametista,-2,Moderada,5.0,7.5,8.7,8.5,3.77,6.25,8.595,7.3112
RA-902,2023,0,Quartzo,-3,Severa,2.5,3.9,9.3,10.0,2.52,5.3125,6.5,5.97345
RA-903,2023,0,Topázio,0,Em fase,10.0,7.8,9.6,10.0,5.02,7.5,9.01,8.5242
RA-903,2024,1,Topázio,0,Em fase,10.0,5.0,9.7727272725,10.002,7.505,7.8125,7.946666667,8.0758287879
RA-904,2023,0,Topázio,0,Em fase,10.0,6.4,9.3,9.0,7.52,7.8125,7.836666667,8.140783333
RA-904,2024,0,Ametista,-1,Moderada,5.0,6.0,8.75,9.502,7.51,7.5,8.67,7.6352
RA-905,2023,0,Ametista,-1,Moderada,5.0,8.3,9.4,9.5,7.52,6.875,7.056666667,7.831033333
RA-905,2024,0,Ágata,-2,Moderada,5.0,3.0,7.7794117645,9.002,7.51,6.875,6.99,6.3925823529
RA-906,2023,0,Topázio,0,Em fase,10.0,8.6,9.2,7.5,7.52,7.5,6.95,8.1922
RA-907,2023,0,Topázio,0,Em fase,10.0,9.3,9.6,9.5,7.52,8.125,8.336666667,8.962033333
RA-907,2024,0,Ametista,-1,Moderada,5.0,8.75,8.9444444445,9.002,7.51,7.5,7.5,7.9400888889
RA-908,2023,0,Topázio,0,Em fase,10.0,7.9,9.0,9.0,7.52,8.125,8.223333333,8.479366667
RA-908,2024,0,Ágata,-1,Moderada,5.0,4.75,8.14171123,8.502,7.51,7.1875,6.83,6.764292246
RA-909,2023,0,Topázio,-2,Moderada,5.0,9.2,9.9,10.0,7.52,8.125,8.056666667,8.486033333
RA-909,2024,0,Ametista,-2,Moderada,5.0,8.25,8.1666666665,10.002,7.51,6.875,7.5,7.722033333300001
RA-91,2022,5,Ágata,-1,Moderada,5.0,6.6,5.7,9.2,5.6,,7.125,6.645
RA-91,2023,6,Ametista,-1,Moderada,5.0,7.4,7.4,10.0,6.89,7.8125,7.4675,7.42395
RA-91,2024,6,Ametista,-1,Moderada,5.0,7.333333333333333,7.476190476333334,10.002,5.635,7.875,8.068,7.426704761933335
RA-910,2023,0,Ametista,0,Em fase,10.0,8.9,8.8,0.0,7.52,8.75,8.17,7.801
RA-910,2024,1,Topázio,0,Em fase,10.0,7.5,8.674242424500001,8.502,7.51,7.916666667,7.443333333,8.1163818182
RA-911,2023,0,Quartzo,-2,Moderada,5.0,3.4,6.7,9.0,2.52,5.3125,7.01,5.59545
RA-911,2024,1,Quartzo,-2,Moderada,5.0,4.5,4.772727273,8.002,7.51,6.041666667,4.726666667,5.4552454547
RA-912,2023,0,Ametista,-1,Moderada,5.0,6.3,9.4,7.0,7.52,5.625,7.175,7.0797
RA-912,2024,0,Ametista,-2,Moderada,5.0,7.25,9.4736842105,9.002,7.51,8.125,6.943333333,7.697103508700001
RA-913,2023,0,Ametista,-2,Moderada,5.0,7.9,8.5,8.0,6.89,6.25,9.245,7.7432
RA-914,2023,0,Topázio,0,Em fase,10.0,8.7,9.2,10.0,7.52,6.25,8.67,8.6912
RA-915,2023,0,Topázio,0,Em fase,10.0,8.4,8.4,10.0,7.52,7.5,8.67,8.5962
RA-916,2023,0,Ametista,-1,Moderada,5.0,6.6,9.7,9.5,2.52,6.25,9.005,7.3882
RA-916,2024,0,Quartzo,-2,Moderada,5.0,2.75,7.3320158105,8.502,2.51,6.5625,6.16,5.5058531621
RA-917,2023,0,Quartzo,0,Em fase,10.0,7.0,7.2,0.0,2.52,6.25,6.35,5.987
RA-918,2023,0,Ametista,0,Em fase,10.0,7.7,8.7,10.0,2.52,5.625,7.01,7.4967
RA-918,2024,0,Quartzo,-1,Moderada,5.0,2.75,8.697368421,7.918,2.51,5.9375,6.156666667,5.657357017600001
RA-919,2023,0,Ágata,-1,Moderada,5.0,5.3,8.4,0.0,7.52,6.25,8.09,6.225
RA-919,2024,0,Quartzo,-2,Moderada,5.0,5.25,4.692513369,7.002,6.255,6.875,6.49,5.799702673800001
RA-92,2022,5,Ágata,-1,Moderada,5.0,7.4,7.1,9.2,5.0,,6.667,6.957
RA-92,2023,6,Ametista,-1,Moderada,5.0,6.7,9.4,9.6,5.63,7.1875,7.045,7.375916667
RA-92,2024,7,Topázio,0,Em fase,10.0,7.5,8.769145085,10.002,7.51,7.8125,6.33,8.052279017
RA-920,2023,0,Ágata,0,Em fase,10.0,6.1,6.3,9.0,7.52,5.625,6.35,6.9647
RA-920,2024,0,Ametista,-1,Moderada,5.0,8.25,7.6710526315,9.502,7.51,7.1875,8.226666667,7.7494938597
RA-921,2023,0,Ametista,0,Em fase,10.0,6.3,9.7,9.0,7.52,5.625,6.68,7.7407
RA-921,2024,0,Ametista,-1,Moderada,5.0,6.0,8.6631016045,8.502,7.51,7.5,7.5,7.2838203209
RA-922,2023,0,Topázio,0,Em fase,10.0,8.4,9.7,8.5,3.14,7.5,10.01,8.5262
RA-922,2024,1,Topázio,0,Em fase,10.0,7.75,9.5227272725,9.002,7.51,7.8125,8.17,8.5209954545
RA-923,2023,0,Topázio,0,Em fase,10.0,7.3,9.9,9.5,7.52,7.5,10.01,8.8842
RA-923,2024,1,Ametista,0,Em fase,10.0,5.5,7.9545454545,8.002,7.51,8.125,8.17,7.688609090900001
RA-924,2023,0,Ágata,0,Em fase,10.0,5.0,5.6,9.0,7.52,5.625,5.93,6.5207
RA-924,2024,0,Ágata,-1,Moderada,5.0,7.0,4.598930481,7.002,7.51,7.1875,7.415,6.4727360962
RA-925,2023,0,Ametista,0,Em fase,10.0,5.4,8.9,9.0,7.52,5.625,5.595,7.1837
RA-925,2024,0,Ágata,-1,Moderada,5.0,4.75,7.005347594,8.002,7.51,7.1875,7.33,6.587019518800001
RA-926,2023,0,Ametista,-1,Moderada,5.0,6.8,10.0,9.0,3.77,7.5,9.51,7.7792
RA-926,2024,1,Ametista,-1,Moderada,5.0,7.0,9.7727272725,9.002,7.51,8.333333333,7.22,7.7830787878
RA-927,2023,0,Ametista,-1,Moderada,5.0,6.4,9.7,9.0,3.77,7.5,9.255,7.5982
RA-927,2024,1,Ametista,0,Em fase,10.0,6.5,9.318181818,8.002,7.51,8.333333333,7.22,7.9921696969000005
RA-928,2023,0,Topázio,0,Em fase,10.0,9.8,10.0,8.5,7.52,8.75,9.67,9.3712
RA-928,2024,1,Topázio,0,Em fase,10.0,8.75,10.0,8.002,7.51,8.541666667,8.59,8.8733666667
RA-929,2023,0,Topázio,0,Em fase,10.0,8.8,9.8,8.5,7.52,8.75,9.67,9.1312
RA-929,2024,0,Ametista,-1,Moderada,5.0,6.75,9.4736842105,9.002,7.51,8.125,7.58,7.7244368421
RA-93,2022,5,Topázio,0,Em fase,10.0,8.5,9.7,8.3,8.1,,9.083,8.941
RA-93,2023,7,,1,Em fase,10.0,,,7.9,3.14,,,
RA-93,2024,7,Topázio,1,Em fase,10.0,7.483333333333333,9.931666667,9.168,6.2575,7.5,7.5,8.275550000066668
RA-930,2023,0,Topázio,0,Em fase,10.0,9.0,8.8,9.0,7.52,8.75,9.0,8.8872
RA-930,2024,0,Ametista,-1,Moderada,5.0,8.0,9.7368421055,8.502,7.51,7.8125,7.5,7.9298184211
RA-931,2023,0,Ametista,0,Em fase,10.0,7.8,8.2,8.5,2.52,5.625,7.6,7.3747
RA-931,2024,0,Ametista,-1,Moderada,5.0,8.5,8.5833333335,7.918,2.51,7.5,6.83,7.075466666700001
RA-932,2023,0,Topázio,0,Em fase,10.0,7.5,7.9,9.5,7.52,8.125,9.0,8.3847
RA-933,2023,0,Topázio,0,Em fase,10.0,7.7,8.4,9.0,7.52,8.75,9.67,8.6712
RA-934,2023,0,Topázio,0,Em fase,10.0,8.7,9.6,9.0,7.52,9.375,9.67,9.1737
RA-934,2024,0,Topázio,-1,Moderada,5.0,8.5,9.75,9.502,7.51,9.375,7.75,8.338700000000001
RA-935,2023,0,Ametista,-1,Moderada,5.0,9.4,9.8,0.0,7.52,9.375,9.67,7.9535
RA-935,2024,0,Topázio,-1,Moderada,5.0,8.5,10.0,9.502,7.51,8.75,7.83,8.3422
RA-936,2023,0,Topázio,0,Em fase,10.0,6.5,10.0,9.0,7.52,8.125,8.915,8.5477
RA-937,2023,0,Topázio,0,Em fase,10.0,9.2,9.6,9.5,7.52,9.375,9.67,9.3237
RA-937,2024,0,Topázio,-1,Moderada,5.0,7.5,10.0,10.002,9.38,8.75,7.83,8.3792
RA-938,2023,0,Ágata,-1,Moderada,5.0,4.2,8.4,8.5,7.52,6.25,7.5,6.7372
RA-938,2024,0,Topázio,-1,Moderada,5.0,7.75,9.544513457499999,9.502,7.51,8.125,7.665,8.0056026915
RA-939,2023,0,Ametista,-2,Moderada,5.0,5.4,10.0,9.0,7.52,7.5,10.01,7.9742
RA-939,2024,1,Ametista,-1,Moderada,5.0,5.0,8.8833992095,9.002,5.63,8.125,7.495,7.051379841899999
RA-94,2022,5,Topázio,0,Em fase,10.0,7.7,9.6,8.3,8.1,,9.583,8.921
RA-94,2023,5,Ametista,-1,Moderada,5.0,7.2,9.6,7.5,2.52,8.75,7.795,7.289333333
RA-94,2024,6,Topázio,0,Em fase,10.0,8.0,9.666666666666666,10.002,6.26,8.375,8.2,8.637033333333335
RA-940,2023,0,Ágata,-2,Moderada,5.0,6.3,8.4,9.0,2.52,6.25,7.02,6.6112
RA-941,2023,0,Ametista,0,Em fase,10.0,5.0,10.0,8.0,7.52,5.0,8.175,7.6872
RA-941,2024,0,Ametista,-1,Moderada,5.0,8.75,9.25,8.002,5.01,8.125,7.665,7.746700000000001
RA-942,2023,0,Ágata,-2,Moderada,5.0,7.1,8.9,9.5,2.52,5.625,7.0,6.8547
RA-943,2023,0,Topázio,0,Em fase,10.0,8.0,9.4,9.5,7.52,7.5,9.925,8.9172
RA-943,2024,1,Topázio,0,Em fase,10.0,8.0,10.0,10.002,7.51,8.958333333,8.59,8.965033333300001
RA-944,2023,0,Ametista,-1,Moderada,5.0,7.5,7.6,9.0,7.52,5.625,6.67,7.0687
RA-944,2024,0,Ametista,-2,Moderada,5.0,9.0,7.25,9.002,7.51,8.75,7.75,7.8262
RA-945,2023,0,Topázio,0,Em fase,10.0,7.9,9.2,8.5,7.52,6.875,6.84,8.0777
RA-945,2024,0,Ametista,-1,Moderada,5.0,8.75,9.511904762,9.002,2.51,7.5,6.83,7.4195809524000005
RA-946,2023,0,Topázio,0,Em fase,10.0,9.3,9.4,9.5,7.52,7.5,7.0,8.5822
RA-946,2024,0,Ágata,-1,Moderada,5.0,4.5,8.7976190475,9.502,2.51,7.5,7.835,6.677723809500001
RA-947,2023,0,Ágata,0,Em fase,10.0,3.3,7.9,9.0,7.52,4.375,5.08,6.3457
RA-947,2024,0,Ágata,-1,Moderada,5.0,4.5,7.619047619,9.002,7.51,5.625,4.58,6.053509523800001
RA-948,2023,0,Ágata,0,Em fase,10.0,0.0,7.6,9.0,7.52,6.875,8.34,6.5277
RA-949,2023,0,Topázio,0,Em fase,10.0,8.9,8.1,9.5,7.52,6.25,6.5,8.0172
RA-949,2024,0,Ametista,-1,Moderada,5.0,6.5,8.7857142855,9.002,7.51,6.25,6.495,7.1323428571
RA-95,2022,5,Ágata,-2,Moderada,5.0,4.8,6.6,8.3,7.5,,6.292,6.308
RA-950,2023,0,Topázio,0,Em fase,10.0,9.3,10.0,9.0,7.52,7.5,8.17,8.8862
RA-950,2024,0,Ametista,-1,Moderada,5.0,7.0,9.023809524,9.502,7.51,6.875,8.0,7.693461904800001
RA-951,2023,0,Topázio,0,Em fase,10.0,8.4,9.7,9.5,7.52,7.5,9.09,8.8902
RA-951,2024,0,Ágata,-1,Moderada,5.0,4.0,9.0357142855,10.002,2.51,6.25,7.325,6.4483428571
RA-952,2023,0,Topázio,0,Em fase,10.0,9.0,9.2,9.5,3.77,7.1875,8.425,8.37095
RA-952,2024,1,Topázio,0,Em fase,10.0,8.5,9.545454545,9.502,6.26,8.333333333,9.175,8.853624242300002
RA-953,2023,0,Ametista,0,Em fase,10.0,8.3,8.8,7.4,3.14,6.5625,7.09,7.54005
RA-953,2024,1,Ametista,0,Em fase,10.0,8.5,6.85770751,9.002,6.26,8.125,7.755,7.961241502000001
RA-954,2023,0,Ágata,0,Em fase,10.0,7.7,8.3,0.0,3.14,7.1875,8.005,6.82375
RA-954,2024,1,Topázio,0,Em fase,10.0,7.75,8.8833992095,9.502,6.26,8.125,7.835,8.2823798419
RA-955,2023,0,Ametista,-2,Moderada,5.0,7.8,8.8,9.0,3.14,6.875,7.09,7.1297
RA-955,2024,1,Ágata,-1,Moderada,5.0,5.75,6.904761905,0.0,7.51,8.125,8.255,6.245452381
RA-956,2023,0,Ametista,-2,Moderada,5.0,7.8,7.5,8.0,7.52,7.5,9.345,7.7312
RA-956,2024,1,Ágata,-1,Moderada,5.0,3.25,6.017786561,9.502,6.885,7.083333333,7.085,6.1175906455
RA-957,2023,0,Topázio,0,Em fase,10.0,9.1,9.3,10.0,7.52,7.5,9.925,9.1672
RA-958,2023,0,Topázio,0,Em fase,10.0,9.3,9.8,10.0,7.52,7.5,9.84,9.2902
RA-958,2024,1,Topázio,0,Em fase,10.0,10.0,10.0,10.002,6.26,9.53125,9.76,9.531325
RA-959,2023,0,Topázio,0,Em fase,10.0,7.7,9.6,10.0,7.52,6.875,8.84,8.6677
RA-959,2024,0,Topázio,-1,Moderada,5.0,9.5,9.7368421055,10.002,7.51,7.8125,7.5,8.379818421100001
RA-96,2022,5,Ametista,-1,Moderada,5.0,6.7,7.8,9.2,6.9,,8.5,7.54
RA-96,2023,6,Ametista,-1,Moderada,5.0,6.4,8.9,9.6,7.52,7.65625,7.84,7.610791667
RA-96,2024,8,,0,Em fase,10.0,,0.0,,,,,
RA-960,2023,0,Ametista,-2,Moderada,5.0,6.3,10.0,8.5,7.52,5.625,5.85,7.0847
RA-960,2024,1,Quartzo,-1,Moderada,5.0,3.0,8.095238095,0.0,7.51,7.5,5.33,5.286047619
RA-961,2023,0,Quartzo,-1,Moderada,5.0,6.2,8.7,0.0,2.52,5.3125,8.665,5.99625
RA-961,2024,1,Ágata,-1,Moderada,5.0,5.5,8.8923395445,9.002,6.26,5.9375,5.155,6.529417908900001
RA-962,2023,0,Topázio,-1,Moderada,5.0,8.7,9.2,9.0,7.52,7.5,10.01,8.4742
RA-963,2023,0,Topázio,-1,Moderada,5.0,8.5,9.8,9.5,7.52,7.5,10.01,8.6142
RA-963,2024,1,Topázio,0,Em fase,10.0,7.5,9.761904762,7.502,7.51,8.125,8.045,8.375080952400001
RA-964,2023,0,Ametista,-1,Moderada,5.0,7.2,9.4,8.5,7.52,6.875,8.5,7.7997
RA-964,2024,1,Ametista,-1,Moderada,5.0,7.25,8.333333332999999,9.502,7.51,7.96875,7.1675,7.548241666600001
RA-965,2023,0,Ágata,-1,Moderada,5.0,4.7,8.2,8.5,6.27,5.0,7.18,6.4832
RA-965,2024,0,Ágata,-2,Moderada,5.0,2.25,6.4772727275,9.002,7.51,8.75,6.83,6.1376545455
RA-966,2023,0,Ametista,-1,Moderada,5.0,5.0,10.0,10.0,7.52,6.5625,7.675,7.44345
RA-966,2024,0,Ametista,-2,Moderada,5.0,9.0,8.568181818,9.502,7.51,8.125,7.335,7.9943363636
RA-967,2023,0,Ametista,-2,Moderada,5.0,6.5,8.0,9.5,7.52,5.625,7.35,7.1347
RA-967,2024,1,Quartzo,-1,Moderada,5.0,4.75,3.5714285715,9.502,7.51,5.78125,4.995,5.442610714300001
RA-968,2023,0,Topázio,-1,Moderada,5.0,8.3,9.7,9.0,7.52,7.5,10.01,8.4942
RA-968,2024,1,Ametista,-1,Moderada,5.0,7.75,8.8095238095,9.002,7.51,8.4375,7.6675,7.8403547619000005
RA-969,2023,0,Ametista,0,Em fase,10.0,5.5,9.7,8.5,7.52,6.25,7.51,7.7692
RA-969,2024,0,Ametista,-1,Moderada,5.0,7.25,7.8636363634999995,9.002,7.51,8.125,7.335,7.453427272700001
RA-97,2022,5,Ametista,0,Em fase,10.0,6.9,8.8,7.5,5.0,,6.292,7.468
RA-970,2023,0,Topázio,0,Em fase,10.0,9.4,8.1,8.5,7.52,9.375,9.84,8.9977
RA-971,2023,0,Ametista,0,Em fase,10.0,6.9,6.4,7.8,3.77,5.625,8.17,7.0169
RA-971,2024,0,Ágata,-1,Moderada,5.0,6.75,7.909090909,7.418,7.51,7.5,6.085,6.8916181818
RA-972,2023,0,Ametista,0,Em fase,10.0,6.0,9.1,9.0,3.77,6.875,7.84,7.5427
RA-972,2024,0,Ametista,-1,Moderada,5.0,6.75,8.3863636365,9.502,7.51,8.75,7.17,7.537472727300001
RA-973,2023,0,Quartzo,-1,Moderada,5.0,5.2,8.6,0.0,3.77,7.1875,7.415,5.82875
RA-973,2024,0,Ágata,-2,Moderada,5.0,3.75,9.318181818,10.002,7.51,7.5,6.585,6.9318363636
RA-974,2023,0,Topázio,0,Em fase,10.0,8.8,9.1,9.0,3.77,7.5,9.34,8.4752
RA-974,2024,0,Ametista,-1,Moderada,5.0,6.5,9.282608695499999,9.502,7.51,7.5,7.5,7.6077217391
RA-975,2023,0,Ametista,0,Em fase,10.0,6.5,9.2,7.9,7.52,5.625,7.67,7.7803
RA-975,2024,0,Ametista,-1,Moderada,5.0,8.0,7.708333333500001,8.502,5.01,6.875,7.33,7.1463666667000005
RA-976,2023,0,Topázio,0,Em fase,10.0,8.6,9.2,9.5,6.27,5.9375,8.34,8.39895
RA-977,2023,0,Ametista,0,Em fase,10.0,5.8,7.4,8.5,5.02,5.625,8.085,7.1717
RA-977,2024,0,Ametista,-1,Moderada,5.0,7.0,7.291666666499999,10.002,6.26,6.875,7.58,7.188033333300001
RA-978,2023,0,Topázio,0,Em fase,10.0,8.6,9.8,9.0,3.77,5.625,9.34,8.3877
RA-978,2024,0,Ametista,-1,Moderada,5.0,6.5,9.5,9.502,6.26,6.875,7.5,7.4637
RA-979,2023,0,Topázio,0,Em fase,10.0,6.0,9.6,9.5,6.27,5.625,9.51,8.1617
RA-979,2024,0,Topázio,-1,Moderada,5.0,8.25,9.5227272725,9.502,7.51,8.125,7.335,8.0352454545
RA-98,2022,5,Topázio,0,Em fase,10.0,8.5,10.0,8.8,9.4,,9.667,9.354
RA-98,2023,7,,2,Em fase,10.0,,,7.9,2.52,,,
RA-98,2024,7,Topázio,1,Em fase,10.0,8.9,9.546,9.585,7.1975,7.5,7.5,8.617450000000002
RA-980,2023,0,Ametista,0,Em fase,10.0,6.3,9.8,0.0,5.02,5.625,9.34,7.1425
RA-980,2024,1,Ametista,0,Em fase,10.0,6.25,9.058441558,9.002,7.51,7.5,7.4175,7.946388311600001
RA-981,2023,0,Ametista,0,Em fase,10.0,5.8,9.1,9.5,2.52,5.625,9.01,7.5367
RA-981,2024,0,Ágata,-1,Moderada,5.0,6.0,7.010869565,9.002,6.26,6.25,6.99,6.6513739130000005
RA-982,2023,0,Ametista,0,Em fase,10.0,8.6,9.1,0.0,2.52,5.625,8.835,7.1215
RA-982,2024,1,Topázio,0,Em fase,10.0,8.25,8.365800865499999,10.002,7.51,6.875,6.79,8.119860173100001
RA-983,2023,0,Topázio,0,Em fase,10.0,8.8,9.9,8.5,2.52,6.25,9.415,8.3502
RA-984,2023,0,Topázio,0,Em fase,10.0,8.3,9.8,8.0,7.52,6.875,9.84,8.8177
RA-984,2024,1,Topázio,0,Em fase,10.0,7.0,9.761904762,9.502,7.51,8.125,8.045,8.475080952400003
RA-985,2023,0,Ametista,0,Em fase,10.0,6.8,9.3,9.0,2.52,5.625,8.5,7.6247
RA-985,2024,1,Topázio,0,Em fase,10.0,7.5,10.0,8.502,6.26,7.5,7.585,8.2432
RA-986,2023,0,Topázio,0,Em fase,10.0,8.3,9.1,9.5,2.52,5.625,8.83,8.0107
RA-986,2024,1,Topázio,0,Em fase,10.0,8.5,9.2965367965,10.002,6.26,7.083333333,6.8325,8.2603406926
RA-987,2023,0,Ametista,0,Em fase,10.0,7.3,9.8,0.0,6.27,6.875,9.76,7.6765
RA-987,2024,1,Topázio,0,Em fase,10.0,7.5,9.0692640695,9.002,7.51,7.708333333,7.835,8.3028861472
RA-988,2023,0,Ametista,-1,Moderada,5.0,8.5,8.1,7.9,7.52,6.25,9.84,7.9568
RA-988,2024,1,Topázio,-1,Moderada,5.0,7.75,10.0,9.502,7.51,8.333333333,7.96,8.1765333333
RA-989,2023,0,Ametista,-1,Moderada,5.0,8.3,8.1,9.5,2.52,7.5,10.01,7.7242
RA-989,2024,1,Ametista,0,Em fase,10.0,6.0,7.8571428569999995,9.502,6.26,7.1875,6.54,7.3743785714
RA-99,2022,5,Ágata,-1,Moderada,5.0,5.0,6.3,8.8,7.5,,5.833,6.158
RA-99,2023,6,Ágata,-1,Moderada,5.0,4.5,8.3,7.9,5.63,7.8125,7.4225,6.68045
RA-990,2023,0,Ametista,-1,Moderada,5.0,7.8,8.5,0.0,7.52,7.5,10.01,7.254
RA-990,2024,1,Ametista,-1,Moderada,5.0,8.0,7.5,9.502,7.51,8.4375,8.336666667,7.812283333400001
RA-991,2023,0,Ametista,-1,Moderada,5.0,7.7,9.1,10.0,3.14,6.875,9.585,7.7687
RA-991,2024,1,Ametista,-1,Moderada,5.0,6.5,8.181818182,9.002,6.26,7.5,6.723333333,7.057230303000001
RA-992,2023,0,Ametista,-2,Moderada,5.0,8.0,8.2,9.5,3.14,5.0,8.84,7.2722
RA-993,2023,0,Topázio,0,Em fase,10.0,8.6,9.8,9.5,3.77,7.5,10.01,8.7592
RA-994,2023,0,Ametista,0,Em fase,10.0,6.0,9.4,9.5,3.77,5.625,7.265,7.4127
RA-994,2024,0,Ametista,-1,Moderada,5.0,8.25,9.532608695499999,9.002,6.88,6.875,7.33,7.7982217391
RA-995,2023,0,Ágata,-2,Moderada,5.0,5.1,7.9,9.5,3.77,6.25,7.18,6.4782
RA-995,2024,1,Quartzo,-2,Moderada,5.0,2.0,5.3896103895,10.002,5.635,7.1875,4.25,5.110372077899999
RA-996,2023,0,Topázio,-1,Moderada,5.0,8.6,9.2,10.0,3.77,7.5,10.01,8.1892
RA-997,2023,0,Ametista,0,Em fase,10.0,7.1,8.7,7.5,3.77,5.625,8.595,7.5687
RA-998,2023,0,Ametista,-2,Moderada,5.0,7.9,9.3,9.5,3.77,7.5,9.84,7.9752
RA-999,2023,0,Topázio,-1,Moderada,5.0,8.3,9.4,9.0,3.77,7.5,9.84,8.0352
